place_id,title,type,rating,reviews,address,open_state,Latitude,Longitude,thumbnail,link
ChIJJU3QXNCxfkcRHldFYtvy6gc,Campo Sant'Angelo,Attrazione turistica,4.6,1061.0,"Campo Sant'Anzolo, 30124 Venezia VE, Italia",Aperto 24 ore su 24,45.4342081,12.3320584,https://lh3.googleusercontent.com/gps-cs-s/AG0ilSwe1VPR8XYC-BzR5iN44EGNefz4iL_dml_nxSWyVCYOjgF1V32t2DyfMoKqwktoSiV9Ol4tRJs90QzlJGOc1qgHTw_k3nvvqmW7lZtgAj0dgqkbO6dlCvwFcApVxpMuYdO05-qY=w128-h92-k-no,
ChIJK2OLP0yxfkcRUg197rTIPNg,Campo San Bortolomio,Punto di riferimento storico,4.6,91.0,"Campo S. Bortolomio, 30100 Venezia VE, Italia",Ora aperto,45.4377268,12.3368342,https://lh3.googleusercontent.com/gps-cs-s/AG0ilSxWvqvwZbWQ-LxUu9dj15mWXiwSMtLophpRBf93GABYY6xGp2Ty4szDHM0cSHZRk4bId1sdQk-AXVUo5Hb_aHafGkCrKlImiF5hI8aSfNuDUk91iKWnKr14VkfJTItcGzrwmVi8=w80-h104-k-no,
ChIJkdPdzNGxfkcR6jGx-foE_UE,Campo Santo Stefano,Attrazione turistica,4.4,2720.0,"30124 Venezia VE, Italia",Aperto 24 ore su 24,45.433329199999996,12.3305391,https://lh3.googleusercontent.com/gps-cs-s/AG0ilSwEjKEh8sH0bq6zd4HyqU2hRQIu_q9MN7QcFatiIL4aaOY00Nb8p_JANqh8MbeU3OgO3K-uIsb7hBYiiGrw4elmDkzNt5BuCmIqkYjU3jt-hIFdf8HzaO5PjVrm2eLydrt9VUJD=w122-h92-k-no,
ChIJ__-_sdGxfkcR0tDfgMv0WTU,Campo San Maurizio,Attrazione turistica,4.5,363.0,"Campo S. Maurizio, 30124 Venezia VE, Italia",Aperto 24 ore su 24,45.4327322,12.331586,https://lh3.googleusercontent.com/gps-cs-s/AG0ilSyr0v9c_rwqj0nrIKrpxqRX2VRpCevt6b1FqZYXvlzdow4qCC5Ff73jui8SsLVB6NJxgSX4PjOOiX0Fb9UWIKr3o0LP339OL22nxv7Rglo-Cii9v9kSJvkv6kOUy0QlM79Xbkfz=w122-h92-k-no,
ChIJ4UxwOyaufkcR-b4hbeInEzs,Campo Bandiera e Moro,Punto di riferimento storico,4.5,972.0,"Calle de la Pietà, 3723, 30122 Venezia VE, Italia",Aperto 24 ore su 24,45.4347062,12.346704599999999,https://lh3.googleusercontent.com/gps-cs-s/AG0ilSwisgT7SEFt9WFYQvNnTBFVA0RPnhqTfeEL--JbZdzaheNfm3MfHbBIVjRENLaPvekVlxYr4VBfTBB0tRzeOqWlNbotPZ76BhTgFsqv8WSYpnwfUvZYbGhBda2BrWLFNlPU9V7I=w122-h92-k-no,
ChIJq1cTU0uxfkcRoAbiChiU3vU,Campo Santa Margherita,Punto di riferimento storico,4.7,145.0,"30100 Venezia VE, Italia",Ora aperto,45.4343162,12.3235342,https://lh3.googleusercontent.com/gps-cs-s/AG0ilSy6UZKTxbKL4AcZMWO3PIFcNq4MEYU8TAgOIJfywfjIBXBoD-0qqsMOhMcZwFReRQYYpMnWhekGFXbzRueBnnjvwsoZbFA69Fh4ihld3DMGLwrNVVInqsk6rHyRd0I8ZUkxAkG04gU9b9k9=w122-h92-k-no,
ChIJn8X3QtuxfkcRTBpwlUabdHA,Campo Beccarie,Piazza principale,,,"30100 Venezia VE, Italia",,45.4394074,12.3335916,https://lh3.googleusercontent.com/gps-cs-s/AG0ilSwRxXUb-7kcN29qaZVQDGfCYbQkiwKlLBAggqvIagPBwQ19cKPpmGVUFCnbRaHWh1fmuPZSkefbhFLPba7pNKGWeI1V3b0TQ2Kz63n9hmrQINqgniAv3gleh116SztTJBmSHi8=w122-h92-k-no,
ChIJQ28bFw-xfkcR8YbHwannq18,Campo de la Maddalena,Punto di riferimento storico,4.8,20.0,"Fondamenta de le Colonete, 2147, 30121 Venezia VE, Italia",Aperto 24 ore su 24,45.443217399999995,12.331171699999999,https://lh3.googleusercontent.com/gps-cs-s/AG0ilSxcC-MbzMMlHiSacEHyh5icBYJzRLfh9X688LzQ7AP_KwmaR6vL29ZLF87D7BzztVH4Vf-QFTZN_6XP0y7mw9tvxLLgVlE4VCch6ekt36rhtxrkko_8W7rwCIaDEcgVG8w0HWtS=w80-h106-k-no,
ChIJQVGVKtmxfkcRUi192OwsePU,Campo Santi Giovanni e Paolo,Punto di riferimento storico,4.7,717.0,"Campo Santi Giovanni e Paolo, 30122, VE, Italia",Aperto 24 ore su 24,45.4392207,12.341271899999999,https://lh3.googleusercontent.com/gps-cs-s/AG0ilSwBb-XNaghFi8bW4gAKVFZov9HBsI4CKcsMlkA9aAW8OPBMtxNTVX8xNVrVBhPZkKsEicMqqySLiXoLf4QmcqxyovoV0-vvRtMLi9gmcOKiP5vRBhcf_xf7vB-fqhwBVW_U3cuPAg=w137-h92-k-no,
ChIJsaKihzmufkcRrk3bQDfBnpE,Campo San Pietro,Giardino,4.7,121.0,"30122 Venezia VE, Italia",Aperto 24 ore su 24,45.4347133,12.359084399999999,https://lh3.googleusercontent.com/gps-cs-s/AG0ilSxBSK4-o6NbXOhcb82xC8w8pnvo8x44TTp3eTaiUYN1fo8EYVkv7Vf53qtGXodBtNzuPDPjU9qWSNknmLvNKVa47eyRFgaJwoR5GC2AIsSr_RFE-cOzIwaj4ZzpnhcTi8Lr7tJ6=w80-h173-k-no,
ChIJyYSWItqxfkcRdTzITHohVF0,Campo San Salvador,Attrazione turistica,4.4,81.0,"Campo S. Salvador, 4805, 30124 Venezia VE, Italia",Aperto 24 ore su 24,45.4369227,12.3362181,https://lh3.googleusercontent.com/gps-cs-s/AG0ilSzedzB2vprG7zFLMF5jzZIRq_GzAWA3MxbKH1_wj2jRB0RblHjjA1MxcM6uPawYjM7JgB6SUNFvLwk2NA3Q5Oe0oXEEai3HD1JIqU4BWhtAmoBz63Q5FpiOOGVowTiJUXOgGf2ayA=w80-h106-k-no,
ChIJ0SM2F5yxfkcRbbp66qr0mio,Campo San Luca,Punto di riferimento storico,4.5,82.0,"Campo S. Luca, 4473, 30124 Venezia VE, Italia",Aperto 24 ore su 24,45.4358054,12.335267,https://lh3.googleusercontent.com/gps-cs-s/AG0ilSxZ59RfBv6DGEUHW3y7YE9UTa1sdbwRLlymXBBA7X2-v1QnsEPSebq1-HH9q1UQtju5c4MCqFiRP3fgQ3gb00K6XvgtPbJtnVfpRIM9pTH57ITWt545LDLVKWJjV3tc7r30yJ-G=w122-h92-k-no,
ChIJKZ3xNhixfkcR5Af83VQ6ccI,Campo San Giacomo,Punto di riferimento storico,4.8,74.0,"C. del Tentor, 1602, 30135 Venezia VE, Italia",Aperto 24 ore su 24,45.4401362,12.327803099999999,https://lh3.googleusercontent.com/gps-cs-s/AG0ilSyhgyjTBdQHpWLDybkRp-4vXZGgsKcijVT6A132ypMaJphlcnSPCd_fSGHniPYKBiAp8zlE3HV6U4Y42suFFEY9yRFgkzTx-rTbiz2dv1V-35w1u_IuF8Ac3UWJ3Hq9rrTXmhWg46N7iWA6=w122-h92-k-no,
ChIJ5zVrqd6xfkcRiT7JH7C6uJQ,Campo Santa Maria Nova,Punto di riferimento storico,4.6,96.0,"Via Santa Maria, 23030 Nova SO, Italia",,45.439864799999995,12.339057299999999,https://lh3.googleusercontent.com/gps-cs-s/AG0ilSztrGQZSPFmRhhxs228u95v0dpZfnPhAXzX6IEKZ1iKzVUdP17hBHmBKeDQQ2BbUvUyKZaRbzp7v9Xe7dvk9SUP4_tjpj_bMwlODd1n0fVpiJDUyx8VGY43UzVuxSKVrP5RI7-H=w122-h92-k-no,
ChIJ6S44HcuxfkcR4VWJ-bxS0Yk,Campo San Moisè,Punto di riferimento storico,4.8,19.0,"Campo San Moisè, 30100, VE, Italia",,45.4330627,12.3358212,https://lh3.googleusercontent.com/gps-cs-s/AG0ilSy2jojC5scKb3pTHeB-yK5IwbIHRyrHfbxaD9PJQNVJ51C6Zq2waap9QBeZyDZbHd98c-91ML7SI4v_1uRTeU6DYScYVd6dM5H5zxv3wJ8x5-c4ledmCIBshZV56-2ZUCUccFvXFw=w92-h92-k-no,
ChIJM_Hl5tqxfkcRpTcnkYzvfdk,Campo San Silvestro,Punto di riferimento storico,4.5,42.0,"Rio Terà S. Silvestro, 30125 Venezia VE, Italia",Aperto 24 ore su 24,45.4374397,12.333099299999999,https://lh3.googleusercontent.com/gps-cs-s/AG0ilSygdQGtBgySRwMZON_rJDxbysu2_DYCxZ_kjpKNYmGm6OPDWuIRAAV8gSDEHO5YjSwYzqso9lYvJN3V28wFbONnQbG2RU0E5cp2pX_rI_MRcY0e0dxGyiFnYfDNXk7r30NmtdhJA_gkatJd=w91-h92-k-no,
ChIJVVWVd9qxfkcRFk0P16s5Bqs,Campo Manin,Punto di riferimento storico,4.4,701.0,"Via L. Manin, 30100 Venezia VE, Italia",Aperto 24 ore su 24,45.4353443,12.334233399999999,https://lh3.googleusercontent.com/gps-cs-s/AG0ilSy0L2jowAgHh4w-YF1TqjSDOnHzVWyJHd2HvI6-h8oIDs659sT6x7hmulWZuY3EPU45xY1mSjzRj0pvmCOqPbPD-o-Y-vFevgFhkZZCGcQaF5-u-uytbOpqf40gzPrWXkRkWRJA=w122-h92-k-no,
ChIJu_Zp1jWufkcRwPSRrP6fvZE,Campo Stringari,Giardino,4.7,11.0,"Castello, 30132, VE, Italia",Aperto 24 ore su 24,45.4274394,12.3614514,https://lh3.googleusercontent.com/gps-cs-s/AG0ilSyBUUtzv7QMvWqKVx1mubGzXMQmIStcF6Tw5AxP6EBS737EegGmcZgT9xdAJO0eHLNizYMdfPN5ZE9y0jq1IB_SLFD3hiLxqgtvk66B0DCsJ7lD-EjXGm22jzEtaaSucbMJ4IxmPg=w122-h92-k-no,
ChIJSTzOUMSxfkcR1-0Ukndvc9g,Campo Sant'Agostin,Punto di riferimento storico,4.6,64.0,"30125 Venezia VE, Italia",Aperto 24 ore su 24,45.438797699999995,12.328402899999999,https://lh3.googleusercontent.com/gps-cs-s/AG0ilSzVkwJ3EAlJ51xFSsZ0bCBIYrJZF3DiN4O5CV9C1CN3cFx5psf93MuLfVKAhkyQ0lYCZDyiEbgXJuER3Jz33EWS5pBwKUh-Dnc6TgY2yBUX2gpeP9QT2s521NORPn80bAbFL3Q=w80-h142-k-no,
ChIJKazOzdGxfkcRzWKh_mJnN60,Campo Santo Stefano,Piazza principale,,,"30100 Venezia VE, Italia",,45.433088399999995,12.3304657,,
ChIJ28GSy9yxfkcRzR2n2aHZCxw,Campo San Felice,Punto di riferimento storico,4.6,18.0,"Strada Nova, 30121 Venezia VE, Italia",Aperto 24 ore su 24,45.4416703,12.333289599999999,https://lh3.googleusercontent.com/gps-cs-s/AG0ilSyzm5Jx-N6XiAX7ympkvb129msgPD8NlODxr82ih8-DGwQ3wWO1uanJJuKCYDUbsDz29GUnBml0sXWg-hJ3Ssckq4SKqRO6UpqoLbh3y6YhQMUjXdetJXs8J4nyXyu7TWlwUJow=w80-h106-k-no,
ChIJ-Y0oyMWxfkcR7QIwLAEhQoc,Campo San Stin,Attrazione turistica,4.5,287.0,"Calle de Ca' Donà, 2503, 30125 Venezia VE, Italia",Aperto 24 ore su 24,45.437997499999994,12.3268917,https://lh3.googleusercontent.com/gps-cs-s/AG0ilSz2gR-p3xORfjx4kv8PKvTlkyYqqmhM63Eqqv3jeki7GZUaAdi23ua9kRO_K9ghW86gPnC8UPIXkOQnxtZ8bIFRqMJjzlDZnuOhqNKF628jSXp-sGmENdS8_SD8nCWR5e_JwCHw6w=w163-h92-k-no,
ChIJw_fZUUmxfkcRcoZ8Ko4wSh4,Campo Comunale Sacca Fisola cod.1523,Campo di calcio,4.5,14.0,"Sacca Fisola,30133, VE, Italia",,45.4279327,12.3131313,https://lh3.googleusercontent.com/gps-cs-s/AG0ilSx2d3f2vcv1txRi_wxwkHJq3jkEoJ2_cTPWPZ545tb0DPjEbn_EHGYTEnxqkpqhXrm2EdXr2EsVaWfE89ZNuhS7I2iwq8bsSb7rOykKMkcmloWztpYRlC6ct9hfwXLG0yx3ET0a=w80-h177-k-no,
ChIJSfZwOzSufkcRMrWFJB_3d3U,Campo da calcio,Campo da calcetto,4.6,10.0,"Viale IV Novembre, 36, 30175 Venezia VE, Italia",Aperto 24 ore su 24,45.427009299999995,12.359679199999999,https://lh3.googleusercontent.com/gps-cs-s/AG0ilSymQyhwOtBN_4xYCYYV28wK7nIZBmq2naazQmMmnkSS-jdFQ5f3zkEr9UGfjY_MeLx-TutHkEMllQylM6lczEVir-SwWqIrrrxX_t1PzLNA_XJDWVsNIojJwsYofb2x_x0cR4Ff=w122-h92-k-no,
ChIJPRX5fU6xfkcR1ATh-Kl0S28,Campo Santi Filippo e Giacomo,Punto d'interesse culturale,5.0,16.0,"4272/4295, 30122 Venezia VE, Italia",Aperto 24 ore su 24,45.4350984,12.3415187,https://lh3.googleusercontent.com/gps-cs-s/AG0ilSy4NdNLtUeaNTaXVCaFaxqjx707ewA1OQllbBtuKeEYmdeMSmYvIfhAlFOoLER9OVHJaV9LukytcLNLbdHdlnrzPDwDabyGzJHa6Wdgt5LR1r9l-WGF6JehQnyGg-uA4T4rakJ2=w80-h106-k-no,
ChIJ98eTLN-xfkcRSiEB8vEDJpY,Campo Santa Maria Formosa e majestic zanipolo,Punto di riferimento storico,4.6,82.0,"Campiello Santa Maria Formosa, 30122 Venezia VE, Italia",Ora aperto,45.4373626,12.3409909,https://lh3.googleusercontent.com/gps-cs-s/AG0ilSwGSsyrVV3hVKeEuw-yPu_-Ial1TRon828ERzgw0gwVzMvKV3af_rB8MWPPvOuJzpY5zbDsv7gnkY6GWCceGEovhCwpLNg68oJmjQK3Sv8KSaynF1KLeenWA4jLJRkjYre4Pig9wg=w122-h92-k-no,
ChIJ84askt6xfkcRFOA9N4ykSdM,Campo dei Mori,Punto di riferimento storico,4.6,35.0,"3360, 30121 Venezia VE, Italia",Ora aperto,45.4454752,12.332033299999999,https://lh3.googleusercontent.com/gps-cs-s/AG0ilSwmulHSxp3j0hgPxlWUOmF4QlEghatNfCjw1wtsu5zd9-Xh55Vus88XJHM53jqgz6nXEpIjTteDYvWQUwV1TD-gpyV9mMlj88Gd1Q8qDXdfHs-1pzYu6_8r9u40ttasEVUX2fA=w80-h103-k-no,
ChIJ008sMrexfkcRLK1NaJmJdIU,Campo San Gallo,Punto d'interesse culturale,4.5,46.0,"Sotoportego del Cavalletto, 1117, 30124 Venezia VE, Italia",Aperto 24 ore su 24,45.434671099999996,12.336752899999999,https://lh3.googleusercontent.com/gps-cs-s/AG0ilSwrpuYbnGYK7SiUOPfP72hK72sgbLhkbmUFqfoGHVW15Lv0uoKfitNXBH4KGgoe1fl6k_2iL9IVNhRV-iG6tidRW6utJGPt1_BY4_nahEyPHrWrOCDU10Ba08ZOeR_RJdLvfVU-=w80-h106-k-no,
ChIJM0NCTC6xfkcRWH2YVC4Y_bs,Campo Sportivo Sant'Alvise,Campo di calcio,4.3,6.0,"Cannaregio, 3475, 30121 Venezia VE, Italia",,45.4481982,12.3293476,https://lh3.googleusercontent.com/gps-cs-s/AG0ilSx5rb3pAAaOMQLnCjoRroTX6YaPx24wGDBSc6HbGEtPWuzK7gsGjsjmgzSxZ54BvgrHVNu5BOog5GZGNC4uiFlp8Xm9lRDzwITFN5vzaaiH7pKxCzRgz32HmIIoNzg6h5xlKbDJ_Q=w122-h92-k-no,
ChIJu6A0YDmvfkcRUaiEYVnGXdw,Campo de le Gate,Punto di riferimento storico,4.5,8.0,"30100 Venezia VE, Italia",Aperto 24 ore su 24,45.436317599999995,12.3472754,https://lh3.googleusercontent.com/gps-cs-s/AG0ilSzzksR4iJsxBlD7Ilp36qQJxOh0ZV21GKw9rNENJV_HA_y6wEyY43scOiwIAPMui_y_1LXLxi7IiA9TKDwfZIvA9k5xjuObsn-g0PR0xR6XtfeT7We3Hxh8p9wDrb2Z_75CY2pN=w80-h106-k-no,
ChIJO1B_Z8SxfkcRGbs0Upf9BNY,Campo San Boldo (Ubaldo),Punto di riferimento storico,4.8,65.0,"Salizada Carminati, 2267, 30135 Venezia VE, Italia",Aperto 24 ore su 24,45.43951,12.3285377,https://lh3.googleusercontent.com/gps-cs-s/AG0ilSwwRU5IstZGPQBK6UwFkJvh4SzVOqy_cO6pEnOhsv49WgCFY4u_jyxEq4G_Sc3aIgrUcf4BjY2lD7TdUNVKCIjLPFw6a94TjnS_AMwfgsJAwNrwSjZ0TesoWBWKiD24sspy-SGg=w122-h92-k-no,
ChIJocGqi56xfkcRRy5vxFt6OPQ,Campo San Polo,Punto di riferimento storico,4.5,83.0,"S. Polo, 30100 Venezia VE, Italia",,45.4376241,12.329934699999999,https://lh3.googleusercontent.com/gps-cs-s/AG0ilSz4g_GQoyW9Y-ZP6aEYLMdwAlFRvyVQhaOExzN0y27MGkdOcykw65pyztIv3nwO7W0xcrOg8D6SmVDdEDKYR732co62WbZbQ33C9u693vjoYVs_uOJOi2gR_PQ2JiSvV_QicKGr=w80-h106-k-no,
ChIJq73bdduxfkcRKi7tx045ii8,Campo Bella Vienna,Punto di riferimento storico,4.6,33.0,"Sestiere Dorsoduro, 1815, 30123 Venezia VE, Italia",Aperto 24 ore su 24,45.4391411,12.335053799999999,https://lh3.googleusercontent.com/gps-cs-s/AG0ilSxuFrDtpB4dnjkMcZ55-5IUeXL6o0fZRyyaH4fmvgLbnRwQp0JkRdOC66PpxxaSpIQ3BdZLnsm5dG3Sm-ka85AczTIdpdR_yweo_pd-V4xaaRJaW2Pj5bhF1BoFXk4ZG6fb0uYniw=w122-h92-k-no,
ChIJNR6K6VSxfkcRL5MXRoenbKo,Campo di Calcio Comunale di S. Alvise,Campo di calcio,4.4,8.0,"Cannaregio, 30100 Venezia VE, Italia",Aperto 24 ore su 24,45.4482557,12.3296206,https://lh3.googleusercontent.com/gps-cs-s/AG0ilSzmXRaWK4zaGh2f8Ywru18c4mThhNqAgR0yqf4rsWsb3cGDRGB-Qc0LYWl7YrtdZjzbaoEkQFup93xxl9qpZuCUOXzZ1NVDGQZl6Y2MAsSf6dFtaa7YR1QX3zgMniN4fdH0vsI=w122-h92-k-no,
ChIJS0MquU2vfkcRkDROP0gPaHE,Centro San Mattia,Campo di calcio,4.1,9.0,"S. Mattia, 1, 30141 Venezia VE, Italia",,45.461267199999995,12.3538088,https://lh3.googleusercontent.com/gps-cs-s/AG0ilSxpqkh8OqutxAzecd_lGgtgqgQ48WQ_ctePby1pzbezZ0BOXgu-QVPq6ev7Svu_RXBz1iJxbthSqAYO5CO9rDoRylShsuLXzAqzN3csooJQepUZa749kJxvNbhwV8-tCVmsOQsWVg=w80-h106-k-no,
ChIJc2OSAQCxfkcR3ZNIlqmUlDM,Ponte del Campo di Marte,Ponte,,,"Venezia-Murano-Burano, 30100 Venezia VE, Italia",,45.435097899999995,12.3162241,,
ChIJ_f9rz2ZxNxMR4m273nUm7uw,Ca' del Campo,Alloggi al coperto,4.4,404.0,"Calle al Ponte de la Guerra, 511, 30124 Venezia VE, Italia",,45.4360676,12.339155799999999,https://lh3.googleusercontent.com/gps-cs-s/AG0ilSwnkRnDZPn84vlHqRTpdO7yXDtHZ2h_QWZbfM5CL9Q3sbVp_KGXSAXZeb38aWaj4YH1mPzpVJldyaD6wq4-bQ_-YFqwQ3AR0vMgCJywAIBYMYEDcizjSgVF9FFfvnTu1RRXhkuh=w80-h106-k-no,
ChIJQQeUKD6xfkcRaVT0ZcOIFlw,Campo da calcio Convitto Foscarini,Campo di calcio,,,"Fondamente Nove, 5027, 30121 Venezia VE, Italia",,45.4443049,12.3375835,https://streetviewpixels-pa.googleapis.com/v1/thumbnail?panoid=gC3tpuK_m6_qUeQGq7q73w&cb_client=search.gws-prod.gps&w=80&h=92&yaw=216.5197&pitch=0&thumbfov=100,
ChIJm1rQTr-xfkcRLJ4GBqbf6zw,Centro Sportivo San Mattia Murano,Complesso sportivo,4.4,27.0,"Calle Angelo Zaniol, 7, 30141 Venezia VE, Italia",Ora aperto,45.4609716,12.3542121,https://lh3.googleusercontent.com/gps-cs-s/AG0ilSw4JsYOrsf5U3MIfxXvjFkDVlVStJEwvic9vey1ydKNZ5cWgROQ5t-QK4XG54GnOu7fIFLWc_TVOrE-mrG4ByWw9pYG7Cm6SPktmOw4zPZJ5vdM4vkV7bmUvYNgvqlSxjOLAaqK3A=w184-h92-k-no,
ChIJDzn61uuxfkcRwuKmDLSsQlQ,Campo Sant'Alvise,Punto di riferimento storico,4.5,20.0,"Calle Larga Canossiane, 31941, 30121 Venezia VE, Italia",Aperto 24 ore su 24,45.4473351,12.328818,https://lh3.googleusercontent.com/gps-cs-s/AG0ilSyf3mvpllUB2jfGTk1olu05fZR-SkppNbiawqrqBShBB8xy01HcOEa9bXkGKtbH7QTbpZrzTfV4IlteUS3mcoYPmM3Q7daLMw9ZDjQNLid06tQZAtBDPnppcYTvsMvr9OOJoJGX=w122-h92-k-no,
ChIJj-mLUpuxfkcREd_0i3MhUjY,Campo de la Carità,Punto di riferimento storico,4.6,34.0,"Calle della Carità, 20, 30123 Venezia VE, Italia",Aperto 24 ore su 24,45.431459,12.3282081,https://lh3.googleusercontent.com/gps-cs-s/AG0ilSzAFz2ykTyV02BsHHN-FY3_XJSRVQ85ZmXt-92T85n96jdlS9YYvU0eBa3UkqFKURWJYGyS2BWXT1wcpT97KLxbgSrMrXGTbbK7-rM8d3cerc0GMgzaNWqq8V1QS9pBsD88NLScvQ=w80-h106-k-no,
ChIJ-_LzobixfkcRLQqOcZoiS_8,Campo San Zan Degolà,Attrazione turistica,4.4,10.0,"Campo S. Zandegolà, 30100 Venezia VE, Italia",Aperto 24 ore su 24,45.4413567,12.3278961,https://lh3.googleusercontent.com/gps-cs-s/AG0ilSxe3W5kU4diDEYsWyBUJCS5Ji85tLGHMpts2RvY3QCDWklh2jUXKg38nLCWMfytQqmNCqEweSHPiXKGvgaVjxeEZTu4L5AjsBiVeYKt6lO6cBhwAtQK6b7MyOegqEqiehjxUjKlMA=w122-h92-k-no,
ChIJp9221MixfkcRGMePlwovhNE,Campo Santa Margherita,Piazza principale,,,"30100 Venezia VE, Italia",,45.434281899999995,12.3236391,https://lh3.googleusercontent.com/gps-cs-s/AG0ilSx5Qzr3aAb2xy9fwLVV5iihFUH4BCAto3JWwlB2kE22o3xbkFgAaeanVphOuHiG2QXcqQJZGXlHmVIFnqnAlxdDdoPPmbdHxgqyDz_TtukAh4Qw5ifbYKpsi-Xmg0ge5JcjROdl=w163-h92-k-no,
ChIJw5szFwCxfkcREOXDetx5jVI,Campo S.S. Apostoli,Punto di riferimento storico,5.0,5.0,"Campo Santi Apostoli, 30100 Venezia VE, Italia",,45.4402948,12.336602099999999,https://lh3.googleusercontent.com/gps-cs-s/AG0ilSwqYlKDaw1nHwxFodYeT70-BuD7XUT_tqG2-OWAmhMSTU0HHFqP0V68ZXLbShK76021XIaNg_QMvpc6PFZqj42oTjcnRcjXjacXlhU6Z16w--r_AU2A0oMm73fanwUh4P5BdDv8uXNmkjq8=w110-h92-k-no,
ChIJ4V9dQNmxfkcRRsZrpEBo4es,Campo Santa Marina,Piazza principale,,,"30100 Venezia VE, Italia",,45.4384156,12.3394204,,
ChIJpQSNVZyvfkcR3seFfKEIDWY,Campo San Francesco della Vigna,Museo all'aperto,4.7,14.0,"Campo S. Francesco, 30100 Venezia VE, Italia",,45.4381582,12.3473706,https://lh3.googleusercontent.com/gps-cs-s/AG0ilSxwoRNGEBAGknuMJhePAsgAebOrzkA3uPxdO9ovCdwZGzzENuNgArw0x7aMh1vnJAKSztd3PI52pEPeoFqJqwuVAAKBsgoNj-CwsXA8LN0BAv4Le-lMnT1HChw8qI_SaNIoe8cM=w122-h92-k-no,
ChIJ7esvSzixfkcRNZ-b_HZb43c,Campo della Madonna dell'Orto,Attrazione turistica,4.7,35.0,"30100 Venezia VE, Italia",Chiuso ⋅ Apre ven alle ore 10,45.4461678,12.3324423,https://lh3.googleusercontent.com/gps-cs-s/AG0ilSzK-ttgruWFb8s88BHynmpVz1Odwtl5WwFqkYd-Ke4Y3LJ03dJmPZqPerXe2E_A5is0zvZx3ugcXyO0_06AFQBZf62H6FuSKyKOhuAS1GBMCJ5GPWzKL-5LCJ7boYcSgH7pEBQYZQihB5v5=w80-h119-k-no,
ChIJU4ZtNQCvfkcRSg8zoMD1P2s,Campo San Lorenzo,Punto di riferimento storico,5.0,2.0,"Campo S. Lorenzo, 5063, 30122 Venezia VE, Italia",,45.4371509,12.3447164,https://lh3.googleusercontent.com/gps-cs-s/AG0ilSxBkCYkkn58wAGdQHS5le89kmQT6iV7jsBnw6gWa0T3a8ySdK3Lmhdv9RMRFh0EaEQsUCks-UWMcqvv4UuLMG_6K7FyxuyD2_-1WSMY9Ak7clixmOsaUV1ZOrAvMPZbguAHei_H93399JSQ=w80-h142-k-no,
ChIJz6OabSeufkcRtdtYfAWtNOI,Campo San Lorenzo,Piazza principale,,,"30100 Venezia VE, Italia",,45.437169,12.345016999999999,,
ChIJmZe39CqwfkcR52-a0cyKOu4,Campo di Marte,Programma di case popolari per persone a basso reddito,4.0,3.0,"Giudecca, 93, 30133 Venezia VE, Italia",,45.423977699999995,12.3391655,https://lh3.googleusercontent.com/gps-cs-s/AG0ilSzb2YfXG7jaJN8t-gG9IHUd7jgNQjWQBIYszON5nHSGWqd93D2A8d2mbvwL9un8bn14sJvDhKz5RYiNJSBz0dfHY4r1nXJCynCkzLlycEnc02Jth0CKH-hiYs7lQtKl54oyuaSP=w138-h92-k-no,
ChIJOcj5QtCxfkcRajUZ3z94N7g,Campo Sant'Anzolo,Piazza principale,,,"30100 Venezia VE, Italia",,45.4342493,12.3321337,https://lh3.googleusercontent.com/gps-cs-s/AG0ilSwiYNB8ZfpdFP5Bv7I2lVEjX_xG7MmYd13DznQsJgHOeHBydleS8SBZ6fQXbUJEBoMWM5BrzoZX3iA8hhUGFFf7cKv-nxKusS-r2rshjcRUqp9NJRuoQQIMDVDCW08dFoimNMSP4u1Rs25y=w163-h92-k-no,
ChIJK8lBycOxfkcRnmc_YH_CqXM,Campo San Marcuola,Piazza principale,,,"30100 Venezia VE, Italia",,45.442688499999996,12.3286673,,
ChIJ39ALXQKufkcRoeix-r7m5fs,Campo Santo Stefano,Piazza principale,,,"30100 Venezia VE, Italia",,45.455242299999995,12.3531251,,
ChIJOaeNylaxfkcRZrfV9_Rv80Y,Vera da Pozzo Campo Santi Apostoli,Punto di riferimento storico,4.5,1369.0,"Campo S.S. Apostoli, 30100 Venezia VE, Italia",Aperto 24 ore su 24,45.4402976,12.3366648,https://lh3.googleusercontent.com/p/AF1QipNz_sQBaIpnqRJXR8n8Gff0TqZ01LJwl2p3x4rj=w92-h92-k-no,
ChIJe4h9PACvfkcRpRjhLARFK2w,Campo San Lorenzo,Appartamenti,5.0,1.0,"Castello, 5067, 30122 Venezia VE, Italia",,45.437072,12.345155199999999,https://streetviewpixels-pa.googleapis.com/v1/thumbnail?panoid=m1yrjtn6RL0VKl-xxpJHig&cb_client=search.gws-prod.gps&w=80&h=92&yaw=149.24474&pitch=0&thumbfov=100,
ChIJ_yL55sKxfkcR8CXx0sbuHfs,Campo Santa Fosca,Piazza principale,,,"30100 Venezia VE, Italia",,45.443108599999995,12.3319943,https://lh3.googleusercontent.com/gps-cs-s/AG0ilSzGghYjl9c4mAMDR4GhSk6_Sg92Kio-pKEHMJ4IaaonQoMQewEkM-eJfj7OWLbPo5e_cN5YG_4OfYY8PCpn-97LJUNEeAxXTqkCFr4450RxtZ-TOXihTXoDOYnMHgY7IUrET9AO=w122-h92-k-no,
ChIJizZw3sGxfkcRvnZphv5s4kM,Campo di Ghetto Nuovo,Piazza principale,,,"30100 Venezia VE, Italia",,45.4454132,12.3269568,https://lh3.googleusercontent.com/gps-cs-s/AG0ilSzEipl5yatbbrO050RdpIlI482AMM_geDcnoaROlLyMPFpelfq7xAJlprYyNMZW9p9TH5NKW5FWZMlHJlyHwVkr_DoAViKJ41pdVDT3UQhU477p1mjKlNFWUABL5CqcGC3mqOcIjA=w122-h92-k-no,
ChIJxZNoFwCxfkcRXRhMqri2aDU,Campo santa maria formosa,Area per passeggiate,,,"C. Longa Santa Maria Formosa, 30100 Venezia VE, Italia",,45.4377879,12.341950899999999,,
ChIJ85IaeNqxfkcRaizXB4f-muE,Campo Manin,Piazza principale,,,"30100 Venezia VE, Italia",,45.4353498,12.3343556,https://lh3.googleusercontent.com/gps-cs-s/AG0ilSygvN6ujUKchue0n26G1vkJLVbxf_abN0S7SLqCDKL0sZs6qerj7xHVOsUnF9BlBeStBN6yAQ4tmEjKAIPLv1413eGBN5Spvv-VzLJXfaWMWG-Ve0ap_B029ZDu5OxvCPY6DHWt=w122-h92-k-no,
ChIJY9rOIsWxfkcRXxVRe3AaXrY,Campo San Polo,Piazza principale,,,"30100 Venezia VE, Italia",,45.4376241,12.329934699999999,https://lh3.googleusercontent.com/gps-cs-s/AG0ilSwLQmg72Xdia1bWkyz6DSINTBrmLvPqI-b5_MBcxC4SOmMpCOMlSD8otl-DJvZzOc2JaKu4C5_iM1o1M093i8sq6m9HDQgbf-Z-nyRDyKLMVe8fzxNcpn6qoCK_pli9gxIy7fNL-Q=w122-h92-k-no,
ChIJKfXl5tqxfkcR4KH395aNU-E,Campo di San Silvestro,Piazza principale,,,"30100 Venezia VE, Italia",,45.437393,12.333073299999999,https://lh3.googleusercontent.com/gps-cs-s/AG0ilSy6qIcWD7SjE0T8vQxGdhxkdJN4oHQDJKsZYEqUYz4Sdg7AkEAcxLiIdwUSTb0orHusnpOxwfQz-DfKLxCzGwwXNam7lSJeaYqJHEK6CCgHtbCijxPrF5oGw4EIesgsjOXGKdjW=w80-h92-k-no-pi-13.729903-ya52.7974-ro-0-fo100,
ChIJ85yUBMGxfkcRQCbu-SRQYyk,Campo San Geremia,Piazza principale,,,"30100 Venezia VE, Italia",,45.442949399999996,12.3249128,,
ChIJcQrVsdGxfkcRbEaDwQbncCY,Campo San Maurizio,Piazza principale,,,"30100 Venezia VE, Italia",,45.4328249,12.3315108,https://lh3.googleusercontent.com/gps-cs-s/AG0ilSyZEAwT4Cwg33Jo4agnUFaVEFjiF-23pTliFg6YGc6wWRoRSiOfMVPIk5exP03u5J5rp7cK5AE7LcROLhWEOybbJdHwT8rNkJPW9WDWsMrjeGyRzb0womRaJBPhAgrCnFkwcqd8=w122-h92-k-no,
ChIJpWVS48OxfkcRBy-BnDz3s04,Campo Nazario Sauro,Punto di riferimento storico,4.3,10.0,"Santa Croce, 1073, 30135 Venezia VE, Italia",Aperto 24 ore su 24,45.440076,12.3257257,https://lh3.googleusercontent.com/gps-cs-s/AG0ilSwpUgNwFL2Ss1jTS3qOHFj_PE77lQ4oFj4TR1-WwQpavAaK3qM8gEmNdEYbimqej41R-xvx09DrgX55Djhf-RaYmt3_feH8ZB8XXt3_xjffjGG7b0ZDOy_KhE3M4iR-UmXKXXPjLM69OzCc=w122-h92-k-no,
ChIJoaGrlQyxfkcR6y3UBanHYSg,Campo de la Fava,Punto d'interesse culturale,4.6,13.0,"Calle Seconda de la Fava, 5526, 30122 Venezia VE, Italia",Aperto 24 ore su 24,45.4369862,12.337787899999999,https://lh3.googleusercontent.com/gps-cs-s/AG0ilSz8u8kmFaO2qOKMPrj4X1oLO_ONhezbFx8f2JJ4oQNeGm4X34pbn8hIEMS13_lj7fE5vjeKGhOkQYbiZnX3bGONmuQcSiUACV5u7ljoyzMOoBtzk1BzgDINWdM378tTxMCiFM3TcA=w122-h92-k-no,
ChIJI6Jl6c6xfkcRFNik58kRvhk,Campo San Barnaba,Piazza principale,,,"30100 Venezia VE, Italia",,45.433052599999996,12.324987199999999,https://lh3.googleusercontent.com/gps-cs-s/AG0ilSwwdGw589F30pTA5WcOjTWVl3upUf-fw0G6UvgFJKRmlwKhLPaL_J0Rm7e0wMUycscM10Y7fPu9gdIKg6QpKuxBSVnXvcc8arhhieiQuwGOMKoj9CXfD-mpR1tH9sdb5DyEbY5Ccg=w152-h92-k-no,
ChIJw8YzNQCxfkcR-PkSEEFwZlU,Campo dei Gesuiti,Punto di riferimento storico,4.8,5.0,"4899, 30121 Venezia VE, Italia",Aperto 24 ore su 24,45.443400399999994,12.3386265,https://lh3.googleusercontent.com/gps-cs-s/AG0ilSwcTmD1a8tS_IVx4HiqX_PxARCULGpj3DfzID9n9Ui0xPC56k0oNH6tgN20mOyviTJIcExswfFYMaUGMTu6pTTMAh7FO7DppLgxw7-bMG7LgujoSlyCA4zt0Kh3Ebnxm98tByEXfOdzzhoZ=w80-h104-k-no,
ChIJ2fJt-yeufkcRuTw-J4dautU,Campo San Zaccaria,Piazza principale,,,"30100 Venezia VE, Italia",,45.4346858,12.3431562,https://lh3.googleusercontent.com/gps-cs-s/AG0ilSxOz6T7nUvTEkjyXEFS4MAvSqb-jPl026pFpTxlRR6_eUr1zMss7zplvQrkSz2XchpdP6xWuAU_FNUcVSK6CX6Dh2mNMfnfFnUlLejIU8LLPDHBBVDX7eRuINkm_dM5_uDHBH5N=w122-h92-k-no,
ChIJbytqd9KxfkcRrG_yGvJihxI,Campo Sant'Agnese,Consolato estero,5.0,7.0,"Dorsoduro, 810, 30123 Venezia VE, Italia",,45.429418,12.3280754,https://lh3.googleusercontent.com/gps-cs-s/AG0ilSzK0x5V7-jmBWAG6Q3PU4IZotUc35i-A7eHXTDSDbCujaBzpCzPkQXjl_B7aktkjlNlFOi8rJ6xw3qVzGmE1S4fHLiJIF1LV0rQly8OhJeTlXa0r5AVuDzvLGxwQ4IISqDbGkiLtWya47Ku=w122-h92-k-no,
ChIJR82LAwCxfkcRnMYCVEbjPPc,Campo da Calcio di Strada,Campo da calcetto,5.0,2.0,"Cannaregio, 30100 Venezia VE, Italia",,45.4445325,12.3202233,https://streetviewpixels-pa.googleapis.com/v1/thumbnail?panoid=-rYJFEDtPySQ8v_lsgIKHw&cb_client=search.gws-prod.gps&w=80&h=92&yaw=283.45135&pitch=0&thumbfov=100,
ChIJH4xartGxfkcRS4BFPIjxvmM,Campo S. Maurizio- Progression Painting Shop,Galleria d'arte,4.6,98.0,"Calle Zaguri, 2665, 30124 Venezia VE, Italia",,45.4328164,12.3318111,https://lh3.googleusercontent.com/gps-cs-s/AG0ilSxGpT2Fdfkn-Xoi_BoyWIRj_XMAe0bW3KMCnmNpw11EX5t2ko6xb964jx4fGLZ-Z47D1Zdv2I7wgMf8mq0bEMRdl57QOTxq-8YAA9v5E3MWA0w5JntrSjvfIaYs4WTqkMHfNFM0AA=w122-h92-k-no,
ChIJCzHo-9ixfkcReeC3aL3ELRM,Campo Santa Maria Formosa,Piazza principale,,,"30100 Venezia VE, Italia",,45.4373082,12.3410154,https://lh3.googleusercontent.com/gps-cs-s/AG0ilSzPtDCD25fxZQBQkDdqvdbFbqWbqSeuVmGJljI7DNusY_Zp_GnDlBFnNfL9-7M4xAO-f_AUJ5hTmpStk9DeQ_BHx_p1PrC2BRAVc7aLZsMkbPWCK9MWA19Tex7DRWDso66j03260w=w122-h92-k-no,
ChIJ96O1ik-xfkcRqKKIz_PtWZo,Campo San Leonardo,Attrazione turistica,3.9,7.0,"Calle Emo, 1586, 30121 Venezia VE, Italia",Aperto 24 ore su 24,45.443601099999995,12.3268389,https://lh3.googleusercontent.com/gps-cs-s/AG0ilSypq8V8gernOVBAMEToeHfXc2LBuDf-_R_j-07ifiIfmKtLyELLvGrbMngTFQzBUdSeoogxqDxMO91ol9czoSC4YqKB6qOc8Xko19pz_e7iLb_w0CmREKEQ5f9GImknjiO2BWom=w122-h92-k-no,
ChIJFT06dtKxfkcRMLmMV3kHhgk,Campo di Sant'Agnese,Piazza principale,,,"30100 Venezia VE, Italia",,45.4296484,12.327801599999999,,
ChIJ-VYHdtCxfkcRpQ1lTNFCNvo,Campo San Beneto,Piazza principale,,,"30100 Venezia VE, Italia",,45.4354751,12.3323555,https://lh3.googleusercontent.com/gps-cs-s/AG0ilSydZj1RuvwZhvL_UyD-eJoPpI-ptyFHyavMVlIdms6vdCVSeafRBYEwu6HXlzwu4mYuJSV5u-88PcNYmV4auO07u-WCgTX62YCo0opqFSLaj3yae2ltINS7WizT68nzKXAfNyK_=w80-h92-k-no-pi-25.77861-ya11.894936-ro-0-fo100,
ChIJN7w7ssSxfkcR-HLc7x8Qw-E,Campo San Cassiano,Piazza principale,,,"30100 Venezia VE, Italia",,45.4396093,12.3319149,https://lh3.googleusercontent.com/gps-cs-s/AG0ilSyQf6W1JXt3TxJ-kX1xU0DFWXepOr-bz71ViTgAuIUs4nTPt-3Jx36vTazvlttF9QGobq_OaHWIw3mop8mL5u-KEpuIzZcrxpg8nTgzf7mCKIGyWU59t_tbobN-AVOqOcjHfdvc=w163-h92-k-no,
ChIJmWsgyMWxfkcRr5uk0pWx1zg,Campo San Stin,Piazza principale,,,"30100 Venezia VE, Italia",,45.437997499999994,12.326858399999999,,
ChIJAd0Gfb-xfkcRk2MOB38NMYc,Campo Saffa,Pianificatore finanziario,3.0,2.0,"Calle del Muschier, 98L, 30121 Venezia VE, Italia",,45.4432425,12.321444099999999,https://lh3.googleusercontent.com/gps-cs-s/AG0ilSzEyKaa4qCnT_fXZROFLbne1TpqkMHsVtKgqSYnKt8fqnALlRaR0IO6jgJ7Mi7CNmombanellgCBuoPXMIKWAJXwxYAGtp_-37bUdpG_cZewpL-rstCE5CFY_XuF2gTl2wxeeX2=w138-h92-k-no,
ChIJ5dPB-OexfkcRvfQYxK3SnKM,PALESTRA,Campo da pallacanestro,4.0,18.0,"Fondamenta Fornasa Vecia, 3027, 30121 Venezia VE, Italia",,45.448329099999995,12.3251654,https://lh3.googleusercontent.com/gps-cs-s/AG0ilSyABqLYVTFTE9tbvFejqTkJlGNYmgFXa0Ftehd-SHoeYsMWH-Q8NFoUX2KUoxextqdWLA1jqNLQyedW1JP3fyoLBYvFtbQpy848657bTkVqkqAfuXutcE7e_QbIg1xG2jnjx-jL=w80-h106-k-no,
ChIJUQq-oduxfkcRjhj2OhySjGk,Campo San Giacomo di Rialto,Piazza principale,,,"30100 Venezia VE, Italia",,45.438646,12.3352655,https://lh3.googleusercontent.com/gps-cs-s/AG0ilSwGSOWDdb8Yrq8OO9oo7PI0OfrmIIzsBrlTvGnNI7TXWO0GVbM9_vNjHm3II5BmNKqNHci1xCSrxGYx6Whf7d5wo8LdgNG7bDQRFBA7rLZ8OVEmgh5F97tElWBzuLiUNymbDiftPA=w122-h92-k-no,
ChIJW8IhOImxfkcRqCKrebSkclY,Campo de le Erbe,Alloggio turistico,5.0,6.0,"30100 Venezia VE, Italia",,45.4423033,12.3352805,https://lh3.googleusercontent.com/gps-cs-s/AG0ilSx05GLLRlpoRlF-SCzQMjvigd35I0mPwuh5iL_qcIMI_cBk75vvRratqpaE7IHI4FbUt-sbmWBtkO0vlQ8gGAKUuTmjNRIzlwoGT6ZsQ-U_aJmoE-MFUsQJwt_x5-eDskylgPYYcA=w163-h92-k-no,
ChIJs1Dwzs2xfkcROG2g_qVqJH4,Campo San Trovaso,Piazza principale,,,"30100 Venezia VE, Italia",,45.430662,12.325769999999999,https://lh3.googleusercontent.com/gps-cs-s/AG0ilSxOYueJfo122VOAwEUa4HRLIL96cbvjFu05Up78be-7d1mr7AI5rQxhzoeLw5s2ZhJxdF5XpNzxBooIzVFwAI15CuGYgFSKxAR4xfZ6UBe-Lt_tMxZm2zc51BVh_Bvx-LFjMRiH=w80-h106-k-no,
ChIJSX8WfkqvfkcR2kvnaEMEVHU,Campo da padel,Campo da gioco,5.0,2.0,"Lungo Mare D'Annunzio Gabriele, 30126 Venezia VE, Italia",,45.416325799999996,12.3785334,https://lh3.googleusercontent.com/gps-cs-s/AG0ilSwyY96PIwTeWdYAqZw1IB37jzDTDjdbjYO5JnCbAZhikRIooy7KFprjgkdoL-JPL8RBDmG30vtglYiT2JPTvTggDhnaZe1fwZ3-2n_l6E0aQAh_x8VWD_bjDKJq54V16E64HaSa=w80-h106-k-no,
ChIJDQcKetmxfkcRvr2my3u3_sA,Campo San Lio,Piazza principale,,,"30100 Venezia VE, Italia",,45.4375857,12.3383077,https://lh3.googleusercontent.com/gps-cs-s/AG0ilSzrSDAQStJhKWkgQYe45mthjGIr4PLzAjMokpbXekrPnEutLIsYDlN9NgdRT52CyzuqLr9R7cHP_V0DXDpXiGAK51JSwmpO9kyT1PS2vP1HhtGR3BPJbv7LJfwrCA4X1FpSvOY=w163-h92-k-no,
ChIJl6n2wMmxfkcR0ldXrTaVfwI,Zambelli - U.S. Carmini,Campo da pallacanestro,4.0,6.0,"30100 Venezia VE, Italia",,45.4335738,12.318664499999999,,
ChIJ72g0vTWufkcRXthVtwj2F9Q,Campo da tennis,Campo da tennis,4.5,2.0,"Viale IV Novembre, 73, 30175 Venezia VE, Italia",Aperto 24 ore su 24,45.425732499999995,12.361655599999999,https://lh3.googleusercontent.com/gps-cs-s/AG0ilSxCHYdTvoMP5MWXXE3wuU0UF7N8ky-FAdyq_UeB9idilUouUh8LFc_1giQSJUbi6ivLPSo6Ct2EbzbnqbqMwn5XvzGB_sqiOdn3ZyuqdA3tp18W-6u_fyyAVG0Pi7wRM7dBScwT=w122-h92-k-no,
ChIJNWZ8nMGxfkcROfIyxDZp1zg,Campo San Leonardo,Piazza principale,,,"30100 Venezia VE, Italia",,45.443531,12.3267627,https://lh3.googleusercontent.com/gps-cs-s/AG0ilSy-EGL9jOuGh2gLllpkfp5-Ao0tk3-EiNo9bjL8t2wZJhRfbDdtvZPzrdBczHs4CdFK5qPbDHUuiC5tsLpWF3ov3MimiEUTY8aQ8H82BH-Jxo6VPa4N4AEOorTbz2QaL8n8XuXveg=w136-h92-k-no,
ChIJKezuL8OxfkcRwsm4v7IZ-l4,Campo Di Fragole Di Cannizzaro Paola,Negozio di articoli da regalo,4.3,12.0,"C. Seconda del Cristo, 5689, 30121 Venezia VE, Italia",Chiude tra poco ⋅ 19:30 ⋅ Apre ven alle ore 09:30,45.4395135,12.337003399999999,https://lh3.googleusercontent.com/gps-cs-s/AG0ilSydlAWqmvRYY3bHHBuEXfYtirp9QGLd1Lhog1T3c_MCJD_COCddudGJ10UOMAC8oWvxLZN4X9nuwt2f0sftou9Q2f00L6w8UFWpYTdcdEN5nDd1iAEW3I8XYhu2a3NndwcOQTKH=w80-h106-k-no,
ChIJ6ckDmduxfkcRxPhhF6luqDc,Campo Erberia,Piazza principale,,,"30100 Venezia VE, Italia",,45.4388904,12.33559,https://lh3.googleusercontent.com/gps-cs-s/AG0ilSw_8ymuMqMO6LzXUOV6h9JpsEJXZbE1cXZK9whuIU0H-PE9MuZ7LHt1WiR8D4VrG7mcHTggFiLpefoxaajHcmTPQ220hEKCblUUCdpdp94ZdmEgjpp3_OHxI2DlM5DnCGFM6ohe=w122-h92-k-no,
ChIJ10a6yMexfkcRTijfPiJt4Bs,Campo dei Tolentini,Piazza principale,,,"30100 Venezia VE, Italia",,45.437629799999996,12.3213969,https://lh3.googleusercontent.com/gps-cs-s/AG0ilSy22acyLFX89H6b3kZIQvWastG_JYlPC6d5U0XtW_WdvP9rytFwV7d7pKFmdERDSSkp2R7ftK3P-3UQe3DKnvTs7QbSlZlBh4MPBtYuiH_Tcqe8N-fXZw-lnGxhcJPeXsfxKYuO=w80-h106-k-no,
ChIJlXSaSjqufkcRAw6C56WRTX8,Patronato di San Pietro di Castello,Campo da calcetto,4.6,5.0,"Campo San Pietro, S. Pietro di Castello, 71a, 30122 Venezia VE, Italia",Chiude tra poco ⋅ 19:30 ⋅ Apre ven alle ore 16:30,45.4348119,12.3595127,https://lh3.googleusercontent.com/gps-cs-s/AG0ilSzLt8rGUr1MGQm295KtTm1XqWOQ4xd6C3cw1NSk7_q2PXSBmeMD8a29eOcPoXa0jqfgfFk2fhc7eCEdrhNVVHti0PBgdF2zNwpeVQQtDtdc4Rh7HLyFG5yiGbvwj-BOu5cy0Qo=w122-h92-k-no,
ChIJJaMtLuqxfkcR7OtvTHtJDew,Campo Sant'Alvise,Piazza principale,,,"30100 Venezia VE, Italia",,45.4473377,12.3288137,,
ChIJQ9kuQHavfkcR8d5i3phhIyY,Campo di pattinaggio,Pista di pattinaggio a rotelle,4.3,3.0,"Calle Franco Passarella, 3, 30132 Venezia VE, Italia",Aperto 24 ore su 24,45.4260819,12.360729899999999,https://lh3.googleusercontent.com/gps-cs-s/AG0ilSy91PqO03RnY3PtynrlbTZhwYq03t9TL0i8l6c7tx7QY7uExShhDRH1Irrz0Buq02ZmO_JUXggUWdvlkXWjNjb1LAtxPfFGbE9EBE4GVTS7Po2exBJ4FdkVs0YabAXBWitPGKQ8=w122-h92-k-no,
ChIJJUw8yOuxfkcRJHtALQVckS8,Centro Sportivo Reyer,Complesso sportivo,4.4,34.0,"Cannaregio, 30122 Venezia VE, Italia",Chiude tra poco ⋅ 20 ⋅ Apre ven alle ore 08:30,45.4484126,12.328215799999999,https://lh3.googleusercontent.com/gps-cs-s/AG0ilSw15rnEb5GQ_gUeDJ7Dfj3NNksHHID7sPuwva-V8-eyy-18OweSQSSrY0F_VVcq977KeUNxpv97tWpyefe3gSZdhUsqpf8SOheY4zid17mdNIzTa38KQy7uhk2aDPU0vG2BJlE2Bg=w122-h92-k-no,
ChIJa4XC1NixfkcRYotemy1n_cA,Campo Santi Giovanni e Paolo,Piazza principale,,,"30100 Venezia VE, Italia",,45.4392207,12.341271899999999,https://lh3.googleusercontent.com/gps-cs-s/AG0ilSyQg3PhFVd6ykzW77oOrGhQ2hbLTs58rSUdHkrEIzGyLAX_CO-KmQ_vu_mZqYedKYfxRXIuLmB8a7H-A6KaoNWsJ_EOBlfmpj1Zc7gkDgknpZ4-pK9Ro-mH6iqIBVZc_Wc1hrA36g=w122-h92-k-no,
ChIJNS_pnlWxfkcRYcso3zm-21I,Campo San Basegio (Pozzo),Centro di quartiere,5.0,3.0,"Fondamenta de S. Basegio, 30123 Venezia VE, Italia",,45.4311514,12.320822999999999,https://lh3.googleusercontent.com/gps-cs-s/AG0ilSyQZh4T8Onwa0YZAg5iVeCBaMKosTFU6UWRJGkHOSnpCwJ3Qy9gTfOPOtAawLrDt8oakLB1KTm1K6JXoiG662BiAMoWlqH4RhFW_jlCrWVwiTKBzL1Pv4f019iW39m0J1d0_jL3=w138-h92-k-no,
ChIJS5kWcwCxfkcRL7QkK5BuVLE,Campo drio la Chiesa,Punto di riferimento storico,,,"4467, 30121 Venezia VE, Italia",,45.440564099999996,12.3371047,https://streetviewpixels-pa.googleapis.com/v1/thumbnail?panoid=S7bzrRfKrYe34T9QErla8Q&cb_client=search.gws-prod.gps&w=80&h=92&yaw=98.133766&pitch=0&thumbfov=100,
ChIJD2cIv8yxfkcR0fq41lYYc78,Patronato San Giobbe,Campo da calcetto,4.3,3.0,"Sestiere Cannaregio, 620, 30121 Venezia VE, Italia",,45.444700999999995,12.3203564,https://streetviewpixels-pa.googleapis.com/v1/thumbnail?panoid=ufYq82Nuo2maTqU6H_fntg&cb_client=search.gws-prod.gps&w=80&h=92&yaw=307.98322&pitch=0&thumbfov=100,
ChIJF6ueQgGufkcRglsQhlSiLqA,Campo San Donato,Piazza principale,,,"30100 Venezia VE, Italia",,45.457178299999995,12.357264599999999,,
ChIJwdKBxLWxfkcRVCbF3qFeicA,Campo San Provolo (vera da Pozzo),Punto di riferimento storico,3.8,4.0,"Campo S. Provolo, 4703, 30122 Venezia VE, Italia",Aperto 24 ore su 24,45.434939799999995,12.3426609,https://lh3.googleusercontent.com/gps-cs-s/AG0ilSxAuo0Ty8j1RGxGAP-bLnFhEnYWmNPLPfOkqT4ZLToozkaGehgiwIhIWLrIXxoHEzpOtkKCCNs1Pu4GCksxZHNqpHT1xwMX3JKCUov6XBQWTLOrSzpjw4_k9A3amPKYPZPDCkMA1g=w80-h106-k-no,
ChIJeVk9AzaufkcRF7mEay-tMX0,Stadio Pier Luigi Penzo,Stadio,4.0,1747.0,"Fondamenta Sant'Elena, 5, 30132 Venezia VE, Italia",,45.427780399999996,12.3640025,https://lh3.googleusercontent.com/gps-cs-s/AG0ilSy8NbMbHsVtaD7EpyQXWQqF1Oxft_5_QWPyTWFKl7y9p7R-kbFXLvQhSDFgMkDwGOX_RotC9vEYgHeDmEbYFr4xWCD-fYDv_r-Mv8eTpO0q5nBG6A4Gun_znC-5X64eNMM7epdSbA=w80-h106-k-no,
ChIJXQiVaC-ufkcRuVOBnfvlYSI,Mercatino dell'Antiquariato Campo San Maurizio,Mercato,4.0,42.0,"Campo San Maurizio, 30124, 30124 Venezia VE, Italia",Chiuso ⋅ Apre ven alle ore 09,45.4328249,12.3315108,https://lh3.googleusercontent.com/gps-cs-s/AG0ilSzpLXQyScYswmlK1xnUuG05XNGx2R_XjKET4ETyei6l-aJ8AoIowsNoZtJM_0qBXmj44jmDooZKjCfsuObCgiiILuPAaPnDNtjXfMPBL_41mhKVgo2XY68NxdQ0rqiHBO4ZBBUoTw=w122-h92-k-no,
ChIJnbReeS2xfkcR3gKagFCSQtk,Vera Pozzo campo Santa Maria Mater Domini,Punto di riferimento storico,4.5,2.0,"Campo S.Maria Mater Domini, 30100 Venezia VE, Italia",Ora aperto,45.4396907,12.3304686,https://lh3.googleusercontent.com/gps-cs-s/AG0ilSz7STOvbPLYb1Nt-vYyowHT81Dxz9dTAtyAGFbjF5NRg6-XbzpyWBjgthAJ28PrVnRhZYx2XSGpGCkhlKCsx9v-4gtN6jYXUNMqiILTvV8e0PA2VZ8w8YrBHTRzhNLUqbGpDefv=w80-h106-k-no,
ChIJC8IBd9uxfkcR27ANgmeGFHg,Campo Cesare Battisti già della Bella Vienna,Piazza principale,,,"30100 Venezia VE, Italia",,45.4391951,12.335021999999999,https://lh3.googleusercontent.com/gps-cs-s/AG0ilSwZKlfzfQe3XoqShkrQ_4hP6XzkH9PeKNuM37iiyJYB8pf2nr4_emSuaHAEIqXIkJ6UAbNOmHvC07Eod9K72t-2gOKhWkODutbDco4EIKfCXzUTnBC8dfMXd4Af_XY6UMrnywBo1Q=w138-h92-k-no,
ChIJLe15SeixfkcRaemvJPiOrk0,Vera da Pozzo Campo San Gregorio,Punto di riferimento storico,4.5,4.0,"Campo S. Gregorio, 30123 Venezia VE, Italia",Aperto 24 ore su 24,45.4306675,12.3335335,https://lh3.googleusercontent.com/p/AF1QipP0C7K4yuwgfnjY8GVWOb41QMPbtz-iOdzw857S=w138-h92-k-no,
ChIJV7ZJNuizfkcRCq_90ROjZTY,Campo comunale Campalto Laguna,Campo di calcio,3.2,106.0,"Via Sabbadino, 30173 Venezia VE, Italia",Ora aperto,45.4806551,12.286819,https://lh3.googleusercontent.com/gps-cs-s/AG0ilSwTytWB0nGfdWOub4dWHF8mAjP4oyn0WW0o9023cLrJ7AYPkmtBVr71OWmF5DsU88Aci78ZVpv9upwwvlQH6YpJgVVKIynLfDvmRYN7noQT9qrI3JOGpT-zzJznfxsYNtz1cThD=w122-h92-k-no,
ChIJs2uGS8-xfkcRDXx3-MYEXhs,Campo San Pantalon,Piazza principale,,,"30100 Venezia VE, Italia",,45.4354219,12.3244758,https://lh3.googleusercontent.com/gps-cs-s/AG0ilSylWglAIMvhHwOaRr0I59iVBqi3jxH15ACiEufWmepXZxwugD09yWjeOOREbQn-1cXpllopazjdWgPK3H5Y_zE1c9TknVmmoO8GMnaJRCOx9yNDcmPTRqyudP6i0TLjVjgsKGBcjg=w138-h92-k-no,
ChIJ68n-hyaufkcRvQiAYG1gcvU,Campo de Pozzi,Piazza principale,,,"30100 Venezia VE, Italia",,45.436144,12.3485952,,
ChIJt0u7OACxfkcRQxxv68Hu1_4,Campo dei Mori Art Gallery,Galleria d'arte,5.0,41.0,"Campo dei Mori, 3384b, 30121 Venezia VE, Italia",,45.4455694,12.332225,https://lh3.googleusercontent.com/p/AF1QipMpupGjYrvOoC1NQLmLr0C61mceYgffF3zO4aTH=w80-h106-k-no,
ChIJNZWOX0CxfkcRl3Ni072iQqM,Bounce Luggage Storage - Ca Foscari Campo Santa Margherita,Deposito bagagli,4.4,25.0,"Campo Santa Margherita, 30123 Venezia VE, Italia",Chiude tra poco ⋅ 19:30 ⋅ Apre ven alle ore 10,45.434336599999995,12.3234622,https://lh3.googleusercontent.com/p/AF1QipMuCYT4wRwdu2sRuopvU1qSjRLwTJ_78Xp4xXtV=w163-h92-k-no,
ChIJ6TUZicWxfkcRvbJQ_K7s7kc,Campo dei Frari,Piazza principale,,,"30100 Venezia VE, Italia",,45.436318899999996,12.326727799999999,,
ChIJRf6ilsexfkcR4Rj0vhtVtxI,Giardini Papadopoli,Giardino,4.4,3387.0,"30135 Sestriere Santa Croce, Venezia VE, Italia",Aperto ⋅ Chiude alle ore 20:30,45.4382983,12.3206545,https://lh3.googleusercontent.com/gps-cs-s/AG0ilSyK0WyQSkbIXfgA-Yov1qTeEpshh-fgqA5hH1MlwAhnwH8AsbbBILHUMDMWecfCNovORP7BOz26N4SFOlftOi0X6TxoPWNX0DKH5rdV9mvrRIEaJmi_Mrep9yXOnupmQ5rficoyqg=w122-h92-k-no,
ChIJAy5F1S-ufkcReQqjg_LgAwo,Giardini della Marinaressa,Giardino,4.6,1956.0,"Riva dei Sette Martiri, 30122 Venezia VE, Italia",Aperto ⋅ Chiude alle ore 20:30,45.4314603,12.352596799999999,https://lh3.googleusercontent.com/gps-cs-s/AG0ilSwqkeG_v7QNrJEw3v-JAYV8tCX7uEar8uqbBdef6MQebwNcHRaDwVOXgKc74CeL-x6AvNzPMa3Pmxpkz0O33d4pt2zjmlW47-59xGzeCwY1WauRlPQ0fmJXvm_9uj6gyBIF_Bdz=w189-h92-k-no,
ChIJPWCbZsGxfkcRo378GYpeAa8,Parco di Villa Groggia,Giardino pubblico,4.5,106.0,"Cannaregio, 30100 Venezia VE, Italia",,45.4480358,12.3277307,https://lh3.googleusercontent.com/gps-cs-s/AG0ilSwReqtM4X0cnGcxZUPSU2ZYweLg_PvoGyv4VoorwGnIElVbSwCjaFppFyH30SdfOf-xuQFstvtFk9ol4XUotVsEen5VrAMzkIr6Gc4Irjb20rIMkp24PSdNlpV4LJXxB8eqvxj9=w122-h92-k-no,
ChIJcZdwNwyvfkcRp1Vr837WVNM,Giardini Napoleonici,Giardino,4.4,51.0,"Viale Trento, 30122 Venezia VE, Italia",Aperto 24 ore su 24,45.430082999999996,12.3553239,https://lh3.googleusercontent.com/gps-cs-s/AG0ilSw2NjuMDlM39ala-keSZtJCkyHRJyObGB2AQ267ViTaYdrbQnA8wVnmRK-2wgSOk-Ngkv2g2z6rSpyCzzlmwor4I9B64GZ5ZYgQZthGLkJXTpHj2Utdtq2a-NbOqBWuJvGGaAV4=w163-h92-k-no,
ChIJqzZkRzGufkcRiabs3CYIiBk,Giardini della Biennale,Giardino,4.5,12251.0,"Calle Giazzo, 30122 Venezia VE, Italia",Chiuso ⋅ Apre ven alle ore 10,45.4287722,12.3580806,https://lh3.googleusercontent.com/gps-cs-s/AG0ilSzW9MVw0Pv86ldw4kdZxZZn6h-P3BjABRqgv3VxJgJ8a5XEEF5ps5xfZxaLWk0P200GT-W0xR2YbunM_ibwc-iuCklLBdeNaXVdUMghyzV-rx4A-xX6_rUCDV5F5kcktPyxR26V=w122-h92-k-no,
ChIJc1zH6u2xfkcRoKOHRHS_IVI,Parco degli Angeli,Parco comunale,4.2,44.0,"Venezia - Murano, 30141 Venezia VE, Italia",Aperto 24 ore su 24,45.460308,12.349213599999999,https://lh3.googleusercontent.com/gps-cs-s/AG0ilSx13QcOweWYkKxubRO7m87fwtTwCPTdMK0ILNUSv0hHjvA79gmt4AM5kwKtdhcI0QB9spBGVYmOJvyl37KHuf-2LC_o5cuxHp1HzvXdcImmnFEuYYcKjK9HFXXeeXcluCl6rfYR=w80-h106-k-no,
ChIJtd7LYQCxfkcR4NzDrdjXkeo,Parco di Palazzo Savorgnan,Parco,3.0,1.0,"Calle del Vergola, 303, 30121 Venezia VE, Italia",Aperto ⋅ Chiude alle ore 21,45.443548199999995,12.324322299999999,https://lh3.googleusercontent.com/gps-cs-s/AG0ilSxxwb-19eSSb5vJuq1vIDwRFjk1fx6_zWCVFKbmMuevQhDg5X-wX81nTwgfC8qP8oMYKG1i15-t7u7Vzxn9UVOcmyR5LeA-bJgflVeAIEy-fDLF9wm6wQf7N1-Pyd_stl8EI2Uy-wQbyTpU=w115-h92-k-no,
ChIJu-kBVwGufkcRzSrmXr1XDmM,Parco Navagero,Parco,4.4,66.0,"Calle Passerini, 30141 Venezia VE, Italia",Chiuso ⋅ Apre ven alle ore 08,45.4567653,12.357757399999999,https://lh3.googleusercontent.com/gps-cs-s/AG0ilSx7KEWcw2xB--OmVwnd5L39GgpQddmaL3QLPt_XQUHezZmxzUoB1Pk8pkWZusxhiwhiCW9BXx9TyGgV20ZMD3z5e7lrumgWUbqZPWBKCUUYVLLsSoGxNoUmnSwuVqXzyQLE-uxD=w122-h92-k-no,
ChIJC5Nv-c6xfkcRSN1wy2n769c,Giardini di Ca' Rezzonico,Parco,4.4,69.0,"Fondamenta Rezzonico, 30123 Venezia VE, Italia",Chiuso ⋅ Apre ven alle ore 10,45.4335868,12.325755899999999,https://lh3.googleusercontent.com/gps-cs-s/AG0ilSyDxunzv4gdfjj-FtAQZQcbbZvOlf41mhqTc10qKtaPqtQlOd-MxURsOIAtVDBRckDAWOgdBN3uyFPxWRZ6bgH5jIO_hjJU1XGXZycAiE0QLuF66HjETGgu1HMrswchAPvDXopG=w80-h106-k-no,
ChIJjZhi6cmxfkcRQTF2RBjLL_4,Giardino di Fondamenta de la Pescaria,Giardino pubblico,4.0,5.0,"Fondamenta de la Pescheria, 30123 Venezia VE, Italia",Aperto 24 ore su 24,45.4324259,12.317680099999999,https://lh3.googleusercontent.com/gps-cs-s/AG0ilSwUNMpoUjZkXZ9YY8mFzgvstLE_3NInTXaTteXvMcuxiP1JtTwTxFttimmpRSKOL86SpSnna7xtTPOadX0F4LnpSJ3dtlfMgHiSEF4OgV8Nnsc6N3AOxon6vuPPldslrv_E6vak=w80-h124-k-no,
ChIJzSWJ96uvfkcRo0AU9EXqKeE,Parco giochi pubblico,Parco,3.9,69.0,"Lungomare Gabriele D' Annunzio, 30126 Lido VE, Italia",,45.416466299999996,12.377246699999999,https://lh3.googleusercontent.com/gps-cs-s/AG0ilSw6Z2EPk2P3Pe68dJp99mzXhF-Yu0lpXLKzfMlJXhCrgUUupZCoJOrfddJpJRAIkeMOQ9jfMlLesO2-50jJx7ES8vBX5-VWpp6zRgaFJzISXXNeHhHUQJQN4FfyJvL5xOlf7ArM=w144-h92-k-no,
ChIJQwRPGwCvfkcRbRtSHL0vMcw,Parco delle Rimembranze,Parco comunale,4.8,4.0,"Viale Vittorio Veneto, 5, 30132 Venezia VE, Italia",,45.4269404,12.3591103,https://lh3.googleusercontent.com/gps-cs-s/AG0ilSy1XbI6_-QNpc2-C1Luh6TSj_QemXTIVTeCK1OQyHnGOopI5NN09nBC03ITG0oPE8iIi0m-H8UpfZmENYq3mh6eEI0EGmjex9cy6-d_rKdzBkFlZfp8xWJyRc4qePllkI7TSTQWqoh8Y2Bu=w122-h92-k-no,
ChIJYdBU9DKvfkcRnzq-EtqcOTY,Giardino Margherita Ripamonti,Giardino pubblico,4.4,5.0,"Fondamenta Marco Giustinian, 11, 30141 Venezia VE, Italia",,45.456915099999996,12.3564017,https://lh3.googleusercontent.com/gps-cs-s/AG0ilSzRpkwuVKqj-LEbpUz2pblUs9NRk8ERHgtq0--hH97TKZ0WrK--A5gRPVX9uETLFchUDIndc0sNOc4msXGKM2EJyftjj_MCX2lHag2_20msbV1KbKfAUJ-Xbfqd2SzQd35aMJevmQ=w122-h92-k-no,
ChIJMasuBtexfkcRJCxPSAYJlVY,Giardini Reali,Giardino pubblico,4.5,2379.0,"P.za San Marco, 30124 Venezia VE, Italia",Chiuso ⋅ Apre ven alle ore 09,45.432983899999996,12.338291499999999,https://lh3.googleusercontent.com/gps-cs-s/AG0ilSxrFM8MHeEPH8Bw8glH9dwLiY6h6uZx_bfNeMU9knDvxmg9-PtkXsAmgzI0vT89JCvCp8ABAyLQ8NwPJPtimiFHox8AvoEc1aVAtYZvb9htnLnESKuJAXmgdSxX1m6irTr0J8M7eQ=w122-h92-k-no,
ChIJE7NVSMWxfkcR6ySS0V24uE8,Campiello delle Erbe,Parco,4.1,9.0,"30100 Venezia VE, Italia",,45.43676,12.330411,https://lh3.googleusercontent.com/gps-cs-s/AG0ilSyDacTmKiHzwFUEdsR2H9_rMnfxsp2Lajkg9rHV7CMr4-MKIotdfHCWKBB9YW7GNsZVCJjDWYaEf4X-HP6ZzS9ncyt_bYdPmbn6kawWF9cwrJ-9s1DMHIE3H7OOGebwm8wtltU=w122-h92-k-no,
ChIJgYnCfgCxfkcRZX7_vG7ztBE,Santa Scolastica,Parco,5.0,1.0,"Corte dei Santi, 30100 Scolastica, VE, Italia",,45.4342407,12.341187,https://lh3.googleusercontent.com/gps-cs-s/AG0ilSyaM2HJT6-4BueHH6T1GixerPW3EcevTe-489VE4fYJIlurCZvdmC6uZEHYnAjL0acPybaRN01hmtffy-xqBarDpHB6JyLmHaKxXwvtO06CduJd70nQBLXpWrsH4veVyQAuHRl8PHChZqw-=w80-h106-k-no,
ChIJWWUC3UixfkcRh1qGMpqX-gM,Royal Garden,Parco,4.6,12.0,"30100 Venezia VE, Italia",Chiuso ⋅ Apre ven alle ore 09,45.4329859,12.3382939,https://lh3.googleusercontent.com/gps-cs-s/AG0ilSzI8aXB_jWUlFDmSS0H8DE8I7zFiVz7sLP-mQvfa9ASjWQ3XAd87-w0n8zATDTozjFOWd67O3DqwbfYhVODKv3e7y7GrItq1HHzsVQCgQ1PT82PkFyfV_ZmYIJGdtz75SaHgd0M1Rnm0ro=w80-h106-k-no,
ChIJCQ7qZgCxfkcRlbTHDgHEEOA,Parchetto di Sacca Fisola,Parco comunale,4.5,2.0,"Calle del Teatro in Saca, 10, 30133 Venezia VE, Italia",Aperto 24 ore su 24,45.4274573,12.3151257,https://streetviewpixels-pa.googleapis.com/v1/thumbnail?panoid=ZigD4-GJ-Yr9XBLwkCqc3g&cb_client=search.gws-prod.gps&w=80&h=92&yaw=283.3255&pitch=0&thumbfov=100,
ChIJM3ZgeQCvfkcR6hxOQBT43Uk,Piazza,Parco,,,"Calle Angelo dal Mistro, 30, 30141 Venezia VE, Italia",Aperto 24 ore su 24,45.4573787,12.353786699999999,https://lh3.googleusercontent.com/gps-cs-s/AG0ilSxs5GfEac0K2_lswokYWMuOVWKRA99zOLDWPcZ07Iu0wTosh-K4qqiakO_wBD7wA0KaFqZx9KxhRpQVgm4Cys6h2qdEpqJsyn5zYuLxfnyfwV1YztaIXc60lA0wDCsnMEEpLqJe=w197-h92-k-no,
ChIJ6yHgwLixfkcRx9UiMxQnVs0,Giardino della Stazione,Giardino,4.9,9.0,"Santa Croce, 500, 30135 Venezia VE, Italia",Aperto 24 ore su 24,45.4407919,12.318652799999999,https://lh3.googleusercontent.com/gps-cs-s/AG0ilSxN1xxGST5e4drV98ZVcPEIUyb7HjBY3ZtrEWMpgu19vWUJIXxJXBOq3x5RXGbzmUktaiPvslh7Myk_XIiMfQx_n4gfRDBDNlTRigOXWddAluKZPLx6jnbVfnEmrAN2jLn2RalVLw=w122-h92-k-no,
ChIJ3SzbaraxfkcR25TCli0HEYo,Parco Giochi,Parco giochi,3.8,10.0,"Fondamenta Santa Marta, 2131, 30123 Venezia VE, Italia",,45.4335473,12.3155717,https://lh3.googleusercontent.com/gps-cs-s/AG0ilSzHF-SpTnUBizomuuHIhuSk-6TX_I6Upg_1hH1g9hqFOTa-WLUsFpu6avYWFv2T945rhtpOmVKA6TttoFqJl9UssG1v--WwDZPxh-S1HTDwfgmKhJJJn16qWWV6-VovDuPXkOLUXQ=w122-h92-k-no,
ChIJ1eqscACxfkcRmThi3I8gFrY,Parco Venezia,Parco,,,"30100 Venezia VE, Italia",,45.440379,12.315954699999999,https://streetviewpixels-pa.googleapis.com/v1/thumbnail?panoid=Zpuf4-ao5m9FaihasNdvuw&cb_client=search.gws-prod.gps&w=80&h=92&yaw=340.79065&pitch=0&thumbfov=100,
ChIJFbKnNxyxfkcR9alcea1aT9Q,Ex Orto Botanico,Giardino botanico,5.0,1.0,"Calle de la Cereria, 734, 30121 Venezia VE, Italia",,45.4439132,12.3186196,https://lh3.googleusercontent.com/gps-cs-s/AG0ilSwPcW-SjNl0Wl8w-_cOK1mIQgjBO05EMLjQxfX2-X2LYqFUOPFlqTiW-KaDsfxLdVD0_UsfjZC5qRfQwy24t3qHYshNyHYcdRADf_Mq-1gXrESNua-1-YRoKeYVAnt6DWtvdSkH=w80-h106-k-no,
ChIJ-Z8q-iaufkcRSHPIACQrc5w,Giardino Ordine di Malta,Giardino,5.0,2.0,"2, 30122 Venezia VE, Italia",Aperto 24 ore su 24,45.43658,12.3469901,https://lh3.googleusercontent.com/gps-cs-s/AG0ilSzyw1_FnD1wwyp1Nh8gik-LimiRKJc4t9DucSoAzsBIXu53csc1CnMxEgpScDQyD2ckSmTa8OCP1jHxeKarkODebSULDwFYHRWIBYZey1OEAliOPz9i8CJDonLBK43JwQZ7LtzhSw=w138-h92-k-no,
ChIJTVbmp-OzfkcRw56T6yPr2-g,Parco di San Giuliano,Parco comunale,4.4,8637.0,"Via Orlanda, 30173 Venezia VE, Italia",Aperto ⋅ Chiude alle ore 22,45.4743271,12.276037599999999,https://lh3.googleusercontent.com/gps-cs-s/AG0ilSwfV9wc0MbixSPlxYQb1W89fDZXS2ONoFb6TqqS2rJFI0UxQYgJaWyzvpLZPX9NRzkV7ElBwDZ7GmnVR1rVJlh-p2eNsmoqKaF9-kIA1_wb6DTweYSdqNgWFSYDE4LakOhTZN8H=w145-h92-k-no,
ChIJqRc9Y1exfkcRngCDA_R66r0,RaniSa Tara Palace,Parco,4.3,3.0,"30100 Venezia VE, Italia",,45.438493699999995,12.330351199999999,https://lh3.googleusercontent.com/gps-cs-s/AG0ilSwuLjHYighblYY9hdjtBzB_KPABWsLXffYpMVqO73AoTMfdCHB1KpflleC9grBF2ne9ywnEja_mH__2gbtlxoZ2OrNVQ8k2l1LJA8c-9BGAGfIOZyP4g2b69AIxViZfEd4G0xw=w80-h106-k-no,
ChIJAQDAhiuwfkcRb54mp_-fc4c,Giardino comunale,Parco,,,"30133 Venezia VE, Italia",,45.4232659,12.3315849,https://streetviewpixels-pa.googleapis.com/v1/thumbnail?panoid=BYHsaFBKZkBVktyznQkdUw&cb_client=search.gws-prod.gps&w=80&h=92&yaw=107.13877&pitch=0&thumbfov=100,
ChIJMwEKW3OxfkcRTFvB9oPuro0,Giardino di Ca’ Dolfin,Giardino,4.5,13.0,"Sestiere Dorsoduro, 3825, E, 30123 Venezia VE, Italia",,45.434934399999996,12.325874299999999,https://lh3.googleusercontent.com/gps-cs-s/AG0ilSxIneDus317oeAvoTHkI4-QGPawNsfuSz9Uqyd0Fnpax-a4xhjc0T5IAZYaSynquR9ic_gzaG_vBQ-iu6Pr-40LHBwjK0qgt_eBatmzF2uu7NvbnkSiZYM8fhtPiPBNzwpfN-uL=w80-h106-k-no,
ChIJ4fF5wyuufkcRLLQRrmJ8yRQ,Labirinto Borges,Giardino,3.8,95.0,"30133 Venezia VE, Italia",Chiuso ⋅ Apre ven alle ore 10,45.428697299999996,12.3441575,https://lh3.googleusercontent.com/gps-cs-s/AG0ilSyb9l1BtVtX01bsj7YNhfkLUxGNJRbKKHrlnQH3TVM39bFKDznHvJlPZyX6aXW-xqDP5SnX2qI_cb9vJk1Nmb020GbhmMPE6Ax472ujxxf7QwR8ueCFRPkUzMik_DScWU4Ehkgo=w122-h92-k-no,
ChIJ6-dWWb-xfkcRWmAkx--j85k,Orto degli Scalzi (padri Carmelitani),Giardino,4.6,7.0,"30100 Venezia VE, Italia",,45.4420802,12.3208678,https://lh3.googleusercontent.com/p/AF1QipMXBWeCUD1qfC0jCmPdBMD68tqqxTtWGpGAUkmR=w138-h92-k-no,
ChIJObHzKfOvfkcRgrUZKITIrbw,Campiello della malvasia,Parco statale,4.3,4.0,"Fondamenta Arsenale, 2177, 30122 Venezia VE, Italia",Aperto 24 ore su 24,45.432837199999994,12.349883499999999,https://lh3.googleusercontent.com/gps-cs-s/AG0ilSxZZ5QiyEFoh3-DKM6DzYu_QIRPDLpHHzHC-wZiValfo99fqgSianrspSxC5N1hWEbfJ7AXZUpdElJ38gJOgOZPdUeZlOgQZobYBve-bbQYq8LP4dLdkrVGx-YEGEH4etS-5_N8=w122-h92-k-no,
ChIJ1YfeSQCxfkcRnboXGfGShUY,Giardino di Palazzo Corner della Ca' Granda,Giardino,5.0,1.0,"C. del Dose da Ponte, 30100 Venezia VE, Italia",,45.4317236,12.3315272,https://lh3.googleusercontent.com/gps-cs-s/AG0ilSz7H1VQepAtiwJgDm9ZBB8fd0lyJvpchDK0-G1DtmC8MBqoxRmBmJr0HPoxiJBFb3eCIg8zkmzPmt7lsnKomqhS6zMXHKIXhxLH6XK6llRONKK7wuMvsGmlm5XYbWCq8xUxMErPwQ=w80-h106-k-no,
ChIJRbhAcwCxfkcRWBfXUJEfRAY,Albero de la Cason,Giardino pubblico,,,"Campiello de la Cason, 4510, 30121 Venezia VE, Italia",,45.4405625,12.3377286,https://streetviewpixels-pa.googleapis.com/v1/thumbnail?panoid=xRUjOda42E-khBkJq9RpIg&cb_client=search.gws-prod.gps&w=80&h=92&yaw=131.20587&pitch=0&thumbfov=100,
ChIJkaj3lLKxfkcRGpMJY_KwY8M,Area verde Baia del Re,Giardino,4.9,9.0,"Fondamenta Sacca San Girolamo, 30100 Venezia VE, Italia",,45.4477093,12.3208009,https://lh3.googleusercontent.com/gps-cs-s/AG0ilSwlGeGGn8BW1kdpz9fmLbeS9rDQjP7rFDygS6JsODeUkFigG9dh9bjS08Aw8HnXLYTINuP1JWtg80uQnCrayCdzL_1sS-3XOQjcP8giOUA1t5FLRkvI5g5o5L_zsgBu27PYMVfiug=w80-h142-k-no,
ChIJBw6KVgCxfkcRN-LEPmYVz6U,Panchine per rilassarsi,Giardino,4.7,3.0,"Fondamenta Sacca San Girolamo, 2976, 30121 Venezia VE, Italia",Aperto 24 ore su 24,45.4477396,12.3201058,https://lh3.googleusercontent.com/gps-cs-s/AG0ilSwLPz2BQ1YHG8XkyGewD7gbWYFhHicXxMPW3bM0vTLGWlI9dkzVrfRiwPjQXmfpEvb2FbltZxHUhjRlniCxTw10zlKXI2VtDWCYY9xPfNq_AqdZ0EouusLXuraBYvcCWrvkUEzsDfhjMcId=w80-h106-k-no,
ChIJu93YP16xfkcRdkQTPa9kswQ,Port San Giuliano,Parco,4.1,53.0,"Cavalcavia S. Giuliano, 26, 30173 Venezia VE, Italia",Aperto 24 ore su 24,45.466232399999996,12.280560399999999,https://lh3.googleusercontent.com/gps-cs-s/AG0ilSz4QHXhWY5Av4Bmyj21tV72L75blRtsGAvOFj9kJrPoREfkevqJaEaI_CuyBS6C-EcgQE4EuQ6kJG9ysoGGfBVDraFc8F7K1jcVCOmxosTzCoNh_HhlbM8rgj38hH0RpmRofcXG=w80-h106-k-no,
ChIJDWpWfQCxfkcRs0RbP0sRwK0,Fondamenta dei Preti,Area per passeggiate,5.0,1.0,"30100 Venezia VE, Italia",,45.4375028,12.3401681,https://lh3.googleusercontent.com/gps-cs-s/AG0ilSwGlxhYip7Z3RA47PVSoMUerL648mHK1m9ouGf3R6XjBNWxnTevXpSD8ZRog-TpJAIDLPn0Sfkiel8-ppTrEbpzzTtKXWoNQEfgpPJJvaSFVlmiKK4Pf9PyVxCfU0MdAQNowdpAm8PRA3Cv=w80-h142-k-no,
ChIJHfbCOQCxfkcRRhLmQKDJf44,campoTappaRomantico,Area per passeggiate,,,"Campiello Widmann già Biri, 6262a, 30100 Venezia VE, Italia",,45.441351,12.341222799999999,https://streetviewpixels-pa.googleapis.com/v1/thumbnail?panoid=e4lNQfRBy_hzSSfZCN0WJQ&cb_client=search.gws-prod.gps&w=80&h=92&yaw=221.32509&pitch=0&thumbfov=100,
ChIJUc02BQCvfkcRZxpOBV9I6ok,Lungomare Lido San Nicolò,Passeggiata,4.0,1.0,"Riviera S. Nicolò, 30100 Venezia VE, Italia",,45.4230198,12.3767236,https://lh3.googleusercontent.com/gps-cs-s/AG0ilSzFWLeNrCrx8FkFpJ0On8bS4Zd6HHeSN78safHZTFb9y2JkCape5nmnNLOMZembjm_lbCT2tU0vQkyPUlcvOEQnPSQ7VxklRcP_-_splf-lRzJ_io8Vu277qputnY-Mctwk-k2ed9OGqSYC=w80-h106-k-no,
ChIJEU9KBgCvfkcRYKP7LaIyOrU,casa del lugo,Area per passeggiate,5.0,1.0,"Riva degli Schiavoni, 3560, 30122 Venezia VE, Italia",,45.433711599999995,12.3467086,https://lh3.googleusercontent.com/gps-cs-s/AG0ilSzRSj_iLc3Qpw7M-ALbmJnM4XCKqUNiGoCHNjVmcX63BN8iSts82XyB4dXnN_qcjkD53yNok_WN8jh8gF1f6e0fnaxE4eCuQC1E9N0BmJstDc4_LdTCU4EuSgf5VgwlbR6L7o0AjapsLKcN=w163-h92-k-no,
ChIJr_4fYgCxfkcR5ruEV4NPckA,Giardini della biblioteca area economica,Giardino,,,"Calle Biscotella Cannaregio, 740a, 30121 Venezia VE, Italia",,45.444908399999996,12.3178161,https://streetviewpixels-pa.googleapis.com/v1/thumbnail?panoid=V36mTLPJQlJylZnycJh5Nw&cb_client=search.gws-prod.gps&w=80&h=92&yaw=1.7173909&pitch=0&thumbfov=100,
ChIJd2LPSWGxfkcR-1YOBVY48-c,10 Ponte del Pestrin,Area per passeggiate,5.0,2.0,"Calle del Pestrin, 30100 Venezia VE, Italia",Aperto 24 ore su 24,45.4347541,12.3304574,https://lh3.googleusercontent.com/gps-cs-s/AG0ilSyhpQPplkF1I1PfJwMyYSVlkPkJHTK-R3OM6eeFCQ95CfdKiDrYreDVMQY8VGqwuE370H745IOeFPykTz8fJZlOy7ccF8eSCWGtlz6WMfEl5TFGePUm6mkQKa-jIom8Fibq0yUr=w137-h92-k-no,
ChIJy8I9pXOxfkcRgn1ow18P6WY,No gravity paemrk,Parco,,,"30100 Venezia VE, Italia",,45.4414662,12.3152595,https://lh3.googleusercontent.com/gps-cs-s/AG0ilSyUXAhIerQCPiIXu3alzqzdUtF1L_5nDNA_k_4Xvd5qEJVsV_7DsEVNZ3Gn_wfg5IchYqY6NOCj7pHTNU6zcz-gqoTZHRUfukOE6XMzQ99OOiKoD0sr-I_4nev8zyawMZpUVyJXpvylUXTV=w122-h92-k-no,
ChIJVSqoGwCvfkcREHtL03RGYrs,Piccola e incantevole,Area per passeggiate,,,"Venezia - Murano, 30100 Venezia VE, Italia",,45.4582465,12.3528687,https://streetviewpixels-pa.googleapis.com/v1/thumbnail?panoid=J_PhGpaVYhD8mroyJ_PSfA&cb_client=search.gws-prod.gps&w=80&h=92&yaw=295.8969&pitch=0&thumbfov=100,
ChIJC8-cKQCxfkcROXowD-sZ4rA,Panchina A.Nulli,Giardino,5.0,6.0,"Fondamenta S. Biagio, 783, 30133 Venezia VE, Italia",,45.427399699999995,12.322710299999999,https://lh3.googleusercontent.com/gps-cs-s/AG0ilSzN8utaLB-siGLKX9bz93lUn5-vRW_GmrY8obXv79qcCA5bjoneJFSsce98Jaff9CZOUiGdru-L7W0ETBQIIHqJcews4Nho7jvamePo1Ya-Vbkc7JCOdQbe2eJps4kscyXr2GEqE0BRidbR=w122-h92-k-no,
ChIJv-mdIQCvfkcR1B0W2jwX9DA,Riva Longa,Area per passeggiate,4.0,1.0,"Venezia - Murano, 30100 Venezia VE, Italia",,45.456128,12.3537263,https://lh3.googleusercontent.com/gps-cs-s/AG0ilSxGqMm-HC6JFTOkkdtRX-AxDp1p0u0oTZTm-GXBPEMnUYFyuucCZ870ZW4CIcPOMkddNBDWG48-rDk3vymMDLy7S-i_4qETzl3TDWuIbh0bA81zewQ-cQz1OUsruR-QHPfHIu8jTpO1g4aG=w80-h106-k-no,
ChIJEyi3EB6ufkcRgm4VUnpW1IA,Tomba di Igor Stravinsky,Cimitero,4.6,202.0,"San Michele, 30121, 30121 Venezia VE, Italia",Chiuso ⋅ Apre ven alle ore 07:30,45.4468178,12.3483646,https://lh3.googleusercontent.com/gps-cs-s/AG0ilSz2q12pY4qanRaq1p3Ff1CpBkpWR0fQKuGakJY6UJbhovpY2zbMlbjghJE9W5SOl_wvJVA9mBruMCJpDxOmwUl9nhRxcWVjaxgIPSjgAoHVT9f0oHMMHoKne1ZoXuO-qrAzC0rQ=w122-h92-k-no,
ChIJOXprzdGzfkcRyCOvKq2rGZg,Parco Comunale Veneziano,Parco comunale,4.2,10.0,"30173 Venezia VE, Italia",Aperto 24 ore su 24,45.4690434,12.280474499999999,https://lh3.googleusercontent.com/gps-cs-s/AG0ilSx8nX0mPNQePkCs_6vd9ETtNe1YqZj8It0CVnmpLJfavncDyJ7xJQCBlEWXjSLoH_qAhtHAIJfJ3cglU_NrEUjdLr5RX68q_GfTMDyZHG01wMRCK13-3ehIlxwJXWIdRP-2IXc=w122-h92-k-no,
ChIJ0zi_ZWW0fkcRGnRUYR1oIbw,Parco Alfredo Albanese,Parco,4.0,3440.0,"Via Gori, 8, 30172 Mestre VE, Italia",Aperto 24 ore su 24,45.499357499999995,12.2609032,https://lh3.googleusercontent.com/gps-cs-s/AG0ilSwBp1Mmcs5vbdxX-aan8YYcuTBoSibhqB43zFfANA4cm2TRK82ru5xi304PVmnMwPiannBgKoARqnbGCVzn8G_9PkCiw9yFn0KuTuQr60Br1SsYVUYZtjO6T9s8lQ11pPezFGXw=w163-h92-k-no,
ChIJt70qm9qxfkcRE9etSws0Jos,Palazzo Contarini a San Beneto,Giardino,,,"Fondamenta Narisi, 3981A, 30124 Venezia VE, Italia",,45.435874899999995,12.332935899999999,https://lh3.googleusercontent.com/gps-cs-s/AG0ilSx9rEuhNJZlUdnxanmvoFpuOX4C3Nr56Duw4rktp6UvqOaA77Ob4ZQZ_ijNvHKkY9lUYWwZl1afMH-e3vDUkG42kBxUkmDjoR4cpUNoLPzl8O8Qp-a1-vHuYw_tRcSIvr2v4Tjq=w138-h92-k-no,
ChIJFWWIPgCxfkcRzmVcvD1hWsw,Corte Ca' Dario,Giardino,,,"30100 Venezia VE, Italia",,45.4387563,12.323298,https://lh3.googleusercontent.com/gps-cs-s/AG0ilSxYawCxqTaPliugCQwmtJzVm9TLIzv3YGly6JInniohyY70gP-5IEjU_-K4No1w9PeVMQSaqHBsIIj2so2VcAuP5BKu6T_JsBi62XIKgrdmbBSFbHCR3SlvaCEhJfkolJtSdJvf=w122-h92-k-no,
ChIJYbk3JgCxfkcRocQpIHXzUpo,Su e Zo per i ponti,Area per passeggiate,,,"30100 Venezia VE, Italia",,45.440379,12.315954699999999,https://streetviewpixels-pa.googleapis.com/v1/thumbnail?panoid=Zpuf4-ao5m9FaihasNdvuw&cb_client=search.gws-prod.gps&w=80&h=92&yaw=340.79065&pitch=0&thumbfov=100,
ChIJLdP7FgCxfkcRjsg9-mOn89Q,[SPNG] wasdmania,Area per passeggiate,5.0,2.0,"Calle de la Cereria, 734, 30121 Venezia VE, Italia",Chiuso ⋅ Apre ven alle ore 09:01,45.444283899999995,12.317830899999999,https://streetviewpixels-pa.googleapis.com/v1/thumbnail?panoid=QxoStZPKG8TycN_-FCHrbw&cb_client=search.gws-prod.gps&w=80&h=92&yaw=303.78946&pitch=0&thumbfov=100,
ChIJtXRZbbixfkcRFbepFvK1z3s,Venezia Certosa Marina,Porticciolo turistico,4.2,101.0,"Isola della Certosa, 30141 Venezia VE, Italia",,45.432637,12.3695744,https://lh3.googleusercontent.com/gps-cs-s/AG0ilSwu0TZAufMD_dqQ9ZUYHwsTalz-e2krGwjo5j5TXEXuyv84BnpjHJWsjfq07Ou6p1dJRjaPWhcpFHpAfC0efMAwFQK3ugE1smpGGY0dgEiUn-FpF_dYfLtQnQ0oXDWYWzaYeDCt=w163-h92-k-no,
ChIJSwe8HwCxfkcRKYMrC0Pi7zI,Excelsior Boat Taxi Pick up,Parco,,,"Fermata, S. Marco, 30124 Venezia VE, Italia",,45.432866399999995,12.3387765,https://streetviewpixels-pa.googleapis.com/v1/thumbnail?panoid=11SNyjLhjL5tQcM27O2LfA&cb_client=search.gws-prod.gps&w=80&h=92&yaw=167.22403&pitch=0&thumbfov=100,
ChIJm_1KSUyyfkcR8bi_-ymHQeo,Punta Lunga,Parco selvatico,4.4,154.0,"Via Bazzera, 30173 Venezia VE, Italia",Aperto 24 ore su 24,45.4912279,12.3219234,https://lh3.googleusercontent.com/gps-cs-s/AG0ilSwTzLXS6RFjwVI4pUD2InW_CKkMdhTZMT54WIAO-SsJZnVBMv4-DN7OEfhGHoHeIm7IA0RBr8GKNP7n5h8skKIbfJRZbMYiKTYbZZXCTAXj1DcvNzi1UoO7nrtl-U0_-MBWUHml5A=w122-h92-k-no,
ChIJM1upymGlfkcR4sQWvX0aSMA,"Parco ""Ca' Bianca",Parco,4.2,121.0,"Via Malamocco, 20, 30126 Lido VE, Italia",Aperto 24 ore su 24,45.384744,12.3483032,https://lh3.googleusercontent.com/gps-cs-s/AG0ilSyMGEWEGY67G_-bK-XRqlBpj1Jycj22V9z-EVHxjlwZc0lN8EzYSJ4bF_n6E9tCrlnPZ5NdNxbGs05XnsnPTR3KcRq8N_PLazJBn2UFajaDOFr7C7XVbIovx3hiGFsGSv-lgkcQ=w122-h92-k-no,
ChIJidXFIzG0fkcRlCfDfRv9EzQ,Parco Piraghetto,Parco,4.1,1037.0,"Via Alfredo Catalani, 9, 30171 Venezia VE, Italia",Chiuso ⋅ Apre ven alle ore 08,45.4887155,12.226528799999999,https://lh3.googleusercontent.com/gps-cs-s/AG0ilSyGJ65oPq2WGPW5CGf9QNi_Jrof3Ru7PznyagC_9O2J1OwqVNTvSuGCs8hUUkftE0eFuFjj8IO2iD1elRXcC8cbZusuxC1U7lTXNkpGg3TWD84ncJ_uhqbvdMwoBT4RwFWev19W=w163-h92-k-no,
ChIJXbGllwKzfkcRTqBSt2ebVZg,Passeggiata delle Barene - Campalto,Area per passeggiate,4.7,32.0,"30173 Venezia VE, Italia",Aperto 24 ore su 24,45.482506099999995,12.3030537,https://lh3.googleusercontent.com/gps-cs-s/AG0ilSwcKQELmRAjjzkayJVoxxc3sAbG5gxkZ4hjHnE09EqkU4CjJILy9QjwO9RTzVgR-bfzY9x2SjcDfrB2TSaOvO5BJDuw8kDPA5X7CA3tcuZi606W2SgFsdTLCuFcNF5fCqB1ePlGgQ=w122-h92-k-no,
ChIJx48M0Am0fkcRXevTFrdiarQ,Bosco dell'Osellino,Parco,3.9,379.0,"Via Amerigo Vespucci, 223, 30173 Venezia VE, Italia",Aperto 24 ore su 24,45.4836272,12.2645456,https://lh3.googleusercontent.com/gps-cs-s/AG0ilSymD2i_zZEgAvqMKYzhG3L8j5wMsgp5ui5nd-sWabve1sGrJbUkac-01byAGlKIFCi3Q3_z6jWMIgzbc5OhRcxkul_LYIoHbgzJG3RWXcO3xX3Vb9-Tu6W-u1Ystc-LSkBMLn9m=w163-h92-k-no,
ChIJwXQJqxK0fkcRqMWULB9WAyw,Parco Allende,Parco,3.9,105.0,"Via Bissagola, 16, 30173 Venezia VE, Italia",Aperto 24 ore su 24,45.491505499999995,12.2555806,https://lh3.googleusercontent.com/gps-cs-s/AG0ilSwlgEe--JtW0S3VLQzjQKBuIuOVpqHlYqiHBiXzDFDA8-GcIBnELamLKmjBka5p-YNlpVgvn-CXIYwAGvr8rr7Qb5ytEotpl-PpLxUZysytKlyeYxLgT14HLu7yCfHvbBO85-DVNQ=w163-h92-k-no,
ChIJly7cJ3m2fkcR3Y6NQbz1bHY,Parco Catene,Parco,4.1,1702.0,"Via dei Tigli, 16, 30175 Venezia VE, Italia",Aperto 24 ore su 24,45.476199,12.2051339,https://lh3.googleusercontent.com/gps-cs-s/AG0ilSzHh3zz1B-_N6QwPMyXcBBpFoK2IE_mzgqqn2Ol5o-Pi7yHLIZ9Y5yuiYO7hUWh6ElqPjeg0Q23R6rohE-HAd-WwWYxNQ1SMDUoNCE4UL1DfSqxE_UpgAfJildoV-N-G6M9mqJk=w163-h92-k-no,
ChIJR8MUVXWtfkcRUX4yBFO9YtU,Parco Emmer,Parco,3.8,187.0,"Via Pietro Cornaglia, 30175 Venezia VE, Italia",Ora aperto,45.4672804,12.218355599999999,https://lh3.googleusercontent.com/gps-cs-s/AG0ilSwPnrG0-cGRmvW4C6e_p1rpi2sKv1P1Daz5SAF1dGKrVtkW4hsOxBNrZoxbHFDGj0II2LWCtXPt-2rr3j-yi4P7265vda4VpBxaT263Tax7cvYZo-56XarYXstiLz_JBx54fhS3=w122-h92-k-no,
ChIJqWlJNQCzfkcRwKd4v_5Wcec,Parco pubblico,Parco,,,"Via Nicolò dal Cortivo, 121, 30173 Venezia VE, Italia",,45.487441399999994,12.2963455,,
ChIJ08_Fsl-1fkcRESGVLfgPb7M,Parco Kolbe,Parco,4.6,11.0,"Via Padre Massimiliano Kolbe, 30100 Venezia VE, Italia",Aperto 24 ore su 24,45.4840576,12.244909499999999,https://lh3.googleusercontent.com/gps-cs-s/AG0ilSxS0OKCEqST2U16yFJnnrJOIcV675JQdMUvfW6VtqfFtiyo_hdGetGWNWz5tj0-GsndnmQ-4521AmxHn-u67dM5HX4rydcB1yjGU4gGl0n6wdVUDey_W37-oKCtf3oHDY74evRP=w163-h92-k-no,
ChIJkSzHrf-zfkcRioU3nKHPDMM,Baia del Forte,Parco,4.4,1373.0,"V. Forte Marghera, 30a, 30173 Venezia VE, Italia",Aperto ⋅ Chiude alle ore 01,45.4735474,12.2633192,https://lh3.googleusercontent.com/gps-cs-s/AG0ilSyoVJ5QbsxSAHSgR-kyOkMiocpGPkzC8hiLhptgRpzivZjkwH-tUZwdisZCEEZ8Od7bY9CR_83ADArJ72cPL_Kr7t9FDLr9XmkAazcA-fmfcNLszTH5cwJdpZmiPrdZFKJfuTJThw=w194-h92-k-no,
ChIJ87-lkZPKfkcR0psceiaLqwQ,Parco Laghetti Martellago,Parco,4.5,2341.0,"Via Ca' Bembo, 30030 Maerne,Martellago VE, Italia",Aperto 24 ore su 24,45.5334826,12.1672696,https://lh3.googleusercontent.com/gps-cs-s/AG0ilSyiZbjecCFRTek2iHQXUuVwlfPfrfbOzezg7K5wJwDWtL3y1oPi3L8Bg5e9zmZs8QMHEYbqnf18tQ9Q_2yFUimOWeaZp0RjL1sa4kxw73BBRbxlJv8y3Z1o6ctii549_p3Rb-8=w122-h92-k-no,
ChIJ3Q84ALezfkcRsoBCxRWklYU,Bosco di Campalto,Area per passeggiate,3.8,63.0,"Via Cimitero Campalto, 30173 Venezia VE, Italia",Aperto 24 ore su 24,45.488644199999996,12.3070425,https://lh3.googleusercontent.com/gps-cs-s/AG0ilSzklZvHLW1rGYIVqylAPs506z8NZhz7kCIpJ7_35G_bXqpRVbtveYA-ntQxqybHn7FD-GbNOCioZqjAyTJgAe9MldE4_32E3G3DRk_y4TqDVb9DHSDp7D3tclHI2aQYpyroiouFTg=w163-h92-k-no,
ChIJzWdOWeSzfkcRJmRXtltxu5E,Area Cani San Giuliano,Parco per cani,3.4,57.0,"Percorso Parco S. Giuliano, 30173 Venezia VE, Italia",Aperto 24 ore su 24,45.4764408,12.2774714,https://lh3.googleusercontent.com/gps-cs-s/AG0ilSyhERfOWOtyMOs06kEFXLcOu9YVABtLnBRkIlybmVoMzDazcayN4NON_MdVfxEZILsW9Vj9BNKgExP1gBl5Zp66i65J7xnWGiJdacjAfR7gPOdOCwQYkXq9VaB1BETAmC_E_gVH=w163-h92-k-no,
ChIJP7C1Szu1fkcRLvwwPwPBCAw,Parco Giochi,Parco comunale,4.5,136.0,"V. Tevere, 70, 30173 Venezia VE, Italia",Aperto 24 ore su 24,45.496940699999996,12.261163999999999,https://lh3.googleusercontent.com/gps-cs-s/AG0ilSy0kcP9k-igWl9gpzTQqb9wC_IhwiydOl7G1EnrLfQW3hKyBSNy0SeRD3_r2tcT4zz6V9hAECFSSVTxWJNABYjp8B7H75i5TB1NWlkocwutteWWkrK8uRZddEL6znTjfD2DsB_u=w80-h106-k-no,
ChIJwei4gUe0fkcRia7vKzzSq6Y,"Parco di Villa Querini ""Andrea Zanzotto""",Parco,3.8,355.0,"Via Circonvallazione, 30171 Venezia VE, Italia",Aperto ⋅ Chiude alle ore 20:30,45.4940187,12.2350783,https://lh3.googleusercontent.com/gps-cs-s/AG0ilSzsf3qmF6KPixbvpqTblfV86ErInYZox9DNbzmDHdo1bacgPaeT1vIDRHXIASh-PZg2uzHHgXBITgQxNw-OEysmVvRQJ66pOIK8E0gEWsGHLjCbc21wv_quu1lAYTTwb5ly4RdrAQ=w122-h92-k-no,
ChIJKz8cx-GzfkcRH5XfMSLRRws,Parco giochi UGUALELAND,Parco,5.0,1.0,"V. Forte Marghera, 30, 30173 Mestre, Venezia VE, Italia",Aperto 24 ore su 24,45.4762552,12.262621399999999,https://streetviewpixels-pa.googleapis.com/v1/thumbnail?panoid=t7bHVw8dK8PwA7oGeDNXLg&cb_client=search.gws-prod.gps&w=80&h=92&yaw=148.93034&pitch=0&thumbfov=100,
ChIJ712-gfqtfkcRxwdZ3FxxRUU,Parco Mazzorbo,Parco comunale,4.7,22.0,"Fondamenta di Santa Caterina, 2, 30142 Venezia VE, Italia",Chiuso ⋅ Apre ven alle ore 08,45.4891697,12.4125743,https://lh3.googleusercontent.com/gps-cs-s/AG0ilSxL3eTA1axpxUka9JUdc8tovhcax9Hbjj7AEupngIZ5yW4kXnYOCovd6_VFL7GTJiO4TN5GqD2-vfweGWbUL2tvANzrm2r73m_t7Un3yZlyY49rENbVr6bftXG9M4n5Zu50bGo=w122-h92-k-no,
ChIJSzFE2GO0fkcRMOEkn8Jxzug,Parco Eunice Kennedy,Parco comunale,4.2,149.0,"Viale don Luigi Sturzo, 30174 Venezia VE, Italia",Aperto 24 ore su 24,45.508058899999995,12.257214099999999,https://lh3.googleusercontent.com/gps-cs-s/AG0ilSx8ijg1Ld4HBv7OY7IR3pjupc0TQQlxszH0tEb2EFBY2yybz0qAs8GT9XTQ2ES2_Vdgy-GwS4vY45qsuI_pBLb5sgRjFcvAsMEXztjHbx1yaxhKKhbiyS6tDV4WO3fZAvC16_3iIg=w122-h92-k-no,
ChIJ2bpfe3-0fkcRapNpFajmEoM,Parco Monviso,Parco,4.0,164.0,"Via Monte Cervino, 59, 30173 Venezia VE, Italia",Aperto 24 ore su 24,45.5058429,12.274064,https://lh3.googleusercontent.com/gps-cs-s/AG0ilSzg2vHz4gMNRVSH5i9oc6MuIGuNHF1q1SV47WHETZ0wwJXyLfxxto-D09rOgfJc4sWXInqcXFdkt8k_n0l0p0O-fJxieBZC-8_KTLQoQ5yQOQZYrbWAgOLNbHybGFupEDediWaw=w103-h92-k-no,
ChIJb6cDWTuzfkcRWJTP7gbJN8M,"Venezia In Bici, Ritrovo Parco San Giuliano",Parco,5.0,1.0,"F7G9+FV, 30100 Venezia VE, Italia",,45.476176599999995,12.269667,https://lh3.googleusercontent.com/gps-cs-s/AG0ilSzeb-foqosxDSciggR_SMd667RGf74OOWdYJv8z9sGJTw0-64HkSOgqR9JkJq_fR5n9Zsg7rbBYN3Iyt_Kb_aUbl9peD5rIAZlBX1H3FD2unejNFnVtu-4gOVeC2KaYPZKjkVRdaG9-S94=w80-h142-k-no,
ChIJ-8DGPQCtfkcRicszqx4TX7Q,Fonte d'acqua nel parco,Parco,5.0,1.0,"Fondamenta di Santa Caterina, 2, 30142 Venezia VE, Italia",,45.489209699999996,12.412628,https://lh3.googleusercontent.com/gps-cs-s/AG0ilSyCPvJPEe7sogK5MXRsh9J83d78I_iGKjmUBKSkiivcf98p6EUvSgArJ-Q4YBs8rkGtNguXmKFReerpU-CPXO0oCzYwxa_QMp1pOI-RQKHgNJU9Ytq4mgBimmGx0Slgr1IqzwQmjPRCsrvL=w80-h106-k-no,
ChIJT6-XdwnKfkcRyPDvUkjp648,Parco Nuove Gemme,Parco,4.2,1055.0,"Via Rossignago, 30038 Spinea VE, Italia",Chiude tra poco ⋅ 20 ⋅ Apre ven alle ore 07:30,45.4943052,12.1651536,https://lh3.googleusercontent.com/gps-cs-s/AG0ilSzmIAVJJLc0ox8LvtEUt5aFpV1O1uXDw7_3I_Lc1Pik4V30X-h5x664IpkFThb-shkd3tPEK303zF7tDK09iitAyJvZAMI2XsBF5ZP-ehJrTMCnEfsZLcNXadaAAEzynB9beFCz7Q=w122-h92-k-no,
ChIJScvvh0OtfkcR7oppuYDTE24,Parco giochi,Parco,3.9,20.0,"Str. di Corte Comare, 82, 30142 Venezia VE, Italia",,45.486202,12.4133032,https://lh3.googleusercontent.com/gps-cs-s/AG0ilSwtMMEUBIX84I_kKB6C2hV7S1larGfMQVjbTDWc1dgCL6AKxDR3HvRQhwMLeeEqXkP2IufGm_Igp55KJH8SmCo3XZ4a11QafTrZo2YpZ8SUGtBeYJXbYY705cdWsOmmtbdiGrF09A=w122-h92-k-no,
ChIJXwyvFFSvfkcRDaAcVySQePA,Parco Pividor,Parco comunale,3.9,7.0,"Via Alberoni, 30126 Venezia VE, Italia",Aperto 24 ore su 24,45.3874912,12.3526323,https://lh3.googleusercontent.com/gps-cs-s/AG0ilSx2bEmsW33kmhJmxU6KRPr2AleMHP3Mk5r2zXN0rc5LQfhJ0LqWbdX4tS3ZtWRkWsxTjOZmNLRyWDQRO2ZChWZdyrSOBqWhBbulPxkcHIg9JDhYOWJlyna2OCZkOcfcJ7UfVULb=w80-h92-k-no-pi-0-ya20-ro-0-fo100,
ChIJ2zvGUYK2fkcRvSP4sLa0H2U,Parco Baden Powell,Parco,4.2,19.0,"Via C. Beccaria, 29-35, 30175 Venezia VE, Italia",Ora aperto,45.4744117,12.219894799999999,https://streetviewpixels-pa.googleapis.com/v1/thumbnail?panoid=eFcJKlEDyYzBs3jx5oujYA&cb_client=search.gws-prod.gps&w=80&h=92&yaw=80.81328&pitch=0&thumbfov=100,
ChIJm0PXtzW1fkcRHJ9q3xlXylg,Parco Buozzi,Parco comunale,4.6,5.0,"Via Buozzi, 30173 Venezia VE, Italia",,45.501131,12.2698711,https://lh3.googleusercontent.com/gps-cs-s/AG0ilSyRXiXbHSCgc2ZCpGy4miQ4oGPThjfNiL9_CHzOxLaoNSq2fFBL7gxztwgZUntbW4Y_l_Cq68IEK7iXnGdRJgVI0cL6XQUgkAU3SCWPdVLci9EWXxq6XWVXSU4hSw21D7GQP-w=w163-h92-k-no,
ChIJE6jfDRa1fkcR5QcfzqeWZe8,Parco poste,Parco,4.7,3.0,"Via Sebastiano Lissone, 10, 30173 Venezia VE, Italia",Aperto 24 ore su 24,45.494692699999995,12.2651863,https://lh3.googleusercontent.com/gps-cs-s/AG0ilSyJIzHnOdtBCI2FAltqMrcBo4r09vOG2eH-x7pAsisyMzhqoqX_wEfGqZ-Vq8LvTE2ixChnKhmz5M7ZWF5NeMwi_cA54kT7qatOyNPMcgxPSAkVq79sJNjLTr1EyUNIsvrScgpF=w80-h177-k-no,
ChIJX89MXqJSeUcRcv9SjJJNlds,Parco archeologico di Altino,Parco,4.4,609.0,"Via S. Eliodoro, 56, 30020 Quarto d'Altino VE, Italia",Chiuso ⋅ Apre ven alle ore 08,45.5414367,12.3980195,https://lh3.googleusercontent.com/gps-cs-s/AG0ilSyFgimhegnrY95X-heXX-nEKDh0peBvI6EimBuL3aIcigIiz4-6czPHr03gWEv6kKiD8hJWrtjz5FlMn_EvcNOH7n0yZ8cTBAcTTb5oJ-nQsl0MNOTtPaNA5gwJSe3dA0-nNcc=w122-h92-k-no,
ChIJ92khhDilfkcRTabmuSF0EXY,"Parco Calisthenics ""Bepi Turcato""",Parco,5.0,7.0,"Via Simone Occhi, 30100 Lido VE, Italia",Aperto 24 ore su 24,45.3843634,12.3482355,https://lh3.googleusercontent.com/gps-cs-s/AG0ilSxb149GCjz-DG8uq7TxYc86Pq5tf3UXVieiGd6MczZBsjJjSK-BT_9CqpIVYbOnM_oJ74FOn1YA6m90_cmjXkWheNRCRRnrbECJmLRn7B9wK_eHR1oyGevxnf4E99AL04SZars=w80-h106-k-no,
ChIJwaEJBAe3fkcRJofRPtOy_vc,Parco Sant'Ilario,Parco,4.2,52.0,"Via Sant'Ilario, 30034 Mira VE, Italia",Aperto 24 ore su 24,45.4338966,12.196478299999999,https://lh3.googleusercontent.com/gps-cs-s/AG0ilSzbNwbHtkvjpaJUtySVDAREY9IWDV4b7oidDnKEWcDjoOxixI9x86IByy1hJSf2nKKfPRz6t6eyYY23JFYx-Gz0rxUha-1TqVs1kNFWseorMUYJGb0v734xrGRzbRAxWwBATgE8=w80-h142-k-no,
ChIJfX3-ivWzfkcRH9amadNmhN0,Parco giochi via Guido Carrer,Parco,3.8,12.0,"Via Guido Carrer, 30173 Venezia VE, Italia",,45.487010999999995,12.2664481,https://lh3.googleusercontent.com/gps-cs-s/AG0ilSxjZKLbBvEZuscdC8f8WeNpyE9gUetL4xmA4FQ47WKsadwdPRJiWpMgPx0TiTH5eaw4HaW8mJXNkX9fAA27nLWc9CqZ89LcEP3OkdgBvzABURREzFksxpmigdt9j136j16YugI-0FNl--Dk=w80-h173-k-no,
ChIJHfpUji20fkcRddOoAEuM_Jw,Parco di Villa Ceresa,Parco,4.3,11.0,"Via Pasquale Stanislao Mancini, 5, 30171 Chirignago-Zelarino VE, Italia",Aperto 24 ore su 24,45.4854639,12.220168399999999,https://lh3.googleusercontent.com/gps-cs-s/AG0ilSxRWbUDDNPNcJwOcHdsYeXLX2xbqM6eRUK3KBkrgzz12KalOw-SYEKZumeazwEU3LqS1huwuZiNfwnif2E-g7POSFpNaPqv5j384l2SGsCCA_Fd352qYt3YzaNYDWenls1cbR0=w80-h106-k-no,
ChIJl2lFXdy1fkcRS7k936tDDBg,Parco Gianni Rodari,Parco,4.1,283.0,"Via Miranese, 400, 30173 Venezia VE, Italia",Aperto ⋅ Chiude alle ore 20:30,45.4857385,12.1960869,https://lh3.googleusercontent.com/gps-cs-s/AG0ilSzddiSaKEdIcZjLAd5UV2MEKn3Ugreu3qUjvnD2KgfIoFIBQ5hnrAdnhCQZzu7RQB9LY1kfWkrPGHzAuIyRrInT4z5IY5s0WQyij3P-xl1GRaLmOHDxvPOp84Cexjyv15V6mqi2=w163-h92-k-no,
ChIJ2_UDcV21fkcRF6aPbGAQKHg,Piazza Divisione Acqui,Parco,4.0,74.0,"30100 Venezia VE, Italia",Ora aperto,45.4991126,12.258325899999999,https://lh3.googleusercontent.com/gps-cs-s/AG0ilSwwxrLr5r2ZJOSmkORx7UEy-BfzLzZZpgYoYTZzgD3O4eTAKjLS4PxdNXhnZLxmWrM5Y2Dv_UvPwouMuWNgEq5vVuNw_yTRnsqhxQgAQKzb6_NPs8LdRbLzJDOrYGgmHaXIvgSVng=w80-h106-k-no,
ChIJD4fwQf2rfkcRJLgh_iMab1g,Parco Lord Gilwell Baden Powell,Parco,4.0,126.0,"38,, Via di Ca' Savio, 36, 30013 Ca' Savio VE, Italia",Aperto 24 ore su 24,45.4510836,12.4597648,https://lh3.googleusercontent.com/gps-cs-s/AG0ilSwcw2L8NHuiwqKVPeDsymN34wIJUTis90reH1vRQ38Jo0uc_OE94Hpwe_agsuRFdnSp-txXd8LKwUTBoVrdbvjU27J-5DB8wwv4YCf5ToUm9IGQs3j4__Pizyk8vaV7lDsAMRZ1wA=w163-h92-k-no,
ChIJm6a9lCa1fkcR1cLzX_NFQA0,Parco personal,Parco,5.0,3.0,"Via Giovanni Rucellai, 30100 Venezia VE, Italia",Aperto 24 ore su 24,45.4960685,12.2666045,https://streetviewpixels-pa.googleapis.com/v1/thumbnail?panoid=9z0MnhLgu1kM-Xn9Vp15bg&cb_client=search.gws-prod.gps&w=80&h=92&yaw=61.930634&pitch=0&thumbfov=100,
ChIJwT0S1vuvfkcRhJ64xrZX9ec,Parco di Sant'Ignazio,Parco comunale,,,"Piazza Gamba, 2, 30126 Lido VE, Italia",Aperto 24 ore su 24,45.391814,12.352797299999999,https://lh3.googleusercontent.com/gps-cs-s/AG0ilSwTiOrStMhsKTz95jHyU-fz1nv-B8SrpdIVEvayGVHVitANPyyhILDpwNYTkB2Gnl3k9a-_WcJFrPPf52-1q8LnJLK7roPVr91x8ccQkZNMPzvA66LdeeQLFi9iujlfo41SKcT2J8NdhRb8=w80-h126-k-no,
ChIJUQ9-xSW1fkcRQ4z4nByJRaw,Parco di via Caviglia,Parco,5.0,1.0,"Via Enrico Caviglia, 30173 Venezia VE, Italia",Aperto 24 ore su 24,45.4918213,12.2571899,https://lh3.googleusercontent.com/gps-cs-s/AG0ilSycimaM5WkuoDr_AfJZ0d7Ww9MzBkpc2oMaZvK4E1y-9IDe6Vwrs5okqhlSNdFN8WPLWx1f2D4B9LnIPr1FlLwpXvSyOQeLEZrT288ZmtsVLZBpxGIfz2UPlvjO8W_UBOF_rw0SiCOtnUku=w80-h142-k-no,
ChIJWZVBsS-lfkcR4AwnRClU_as,Parco Spino,Parco,,,"Lido,30126, VE, Italia",Aperto 24 ore su 24,45.384135,12.350361399999999,https://streetviewpixels-pa.googleapis.com/v1/thumbnail?panoid=zg_F0f3liWAc3rlgkVtJSA&cb_client=search.gws-prod.gps&w=80&h=92&yaw=25.18979&pitch=0&thumbfov=100,
ChIJ10-vnPHLfkcRPSkgpIfYu_s,Parco Ivana Cagnin,Parco,4.2,535.0,"Via Porara, 30035 Mirano VE, Italia",Aperto 24 ore su 24,45.4741771,12.111979199999999,https://lh3.googleusercontent.com/gps-cs-s/AG0ilSyZhFeeZjLmC5K4GK0_qsiRWgW-XOsUphT_VB79h9s4ipbZ8DZ0xeGwLCGXjJ_3txrUuJIJyrG-_82fyFg16Xbf-WPi-n70Rq7uHgkOaKJ_m9345kzhcWWbU8ewTRtff58vaKU6_Q=w80-h106-k-no,
ChIJp0NqnWe0fkcRfulusez6QyE,Villa Franchin,Parco,4.2,362.0,"Viale Giuseppe Garibaldi, 155, 30174 Venezia VE, Italia",Ora aperto,45.5044337,12.249269499999999,https://lh3.googleusercontent.com/gps-cs-s/AG0ilSyzR8HYgc0lLnijcsn6qYfEeoTNhAnaJAtMXmlBSAJ-FsGKh4zfBq-GVg_zPdDt1VjAjd3W29tw6hWeyKHlS-QgY40Sb4vfVHGrlRUA8DgJKTngTMKHGCF3jdmn9SEdZrZR0nh7UA=w163-h92-k-no,
ChIJhfJayydLeUcRNwyJr9t8vnk,Parco Arcobaleno,Parco,4.2,467.0,"Via dello Scoutismo, 31021 Mogliano Veneto TV, Italia",Aperto 24 ore su 24,45.560111299999996,12.251391199999999,https://lh3.googleusercontent.com/p/AF1QipMgMc5aJynmk179Cv1N7i8-rRGP9JaWTIOB4VvD=w122-h92-k-no,
ChIJV6EBm_e3fkcRU19eyDBDkMI,Parco Tirca,Parco,5.0,3.0,"Via Della Rinascita, 52a, 30175 Venezia VE, Italia",Aperto 24 ore su 24,45.4646687,12.221011599999999,,
ChIJdde3pFC0fkcRMYZ70ZAA_vg,Villa Tivan,Parco,4.2,82.0,"Via Terraglio, 48, 30174 Venezia VE, Italia",Aperto 24 ore su 24,45.5071679,12.2371468,https://lh3.googleusercontent.com/gps-cs-s/AG0ilSw-eD7oa3wvTiEMGKqYaHXLcp0hqV587RYlQ462DljFXv56NNAvi63ydPHfU0r3kbc5znLtV7C-HM-SDrLU6FW3kCDdvhqmYbGs5OjfKEcqqqkJQQchPjatx0kcOleGGNQZl8nl=w122-h92-k-no,
ChIJUZtK6wm1fkcRgiRobVGzX5s,Parco all'aperto,Parco comunale,4.2,9.0,"Via Antonio da Mestre, 1, 30171 Venezia VE, Italia",Chiude tra poco ⋅ 20 ⋅ Apre ven alle ore 08,45.4941715,12.237159199999999,https://lh3.googleusercontent.com/gps-cs-s/AG0ilSzdt69wJIGmDpWzjyENBIJlkRoGD0q75gPJYKVQV3rYeSTMUG1nR-23wN_UA-jWqgqb2D91BVNAM0ad0mJp3ye-xcK2KPrpapf1rMhvAnSyaCZzluf86Qf7M_EOteJukfgYr9Vg=w122-h92-k-no,
ChIJVzirDYi1fkcR0tl44VFaS2U,Parco Mutilati del Lavoro,Parco comunale,3.6,16.0,"30100 Venezia VE, Italia",Chiuso ⋅ Apre ven alle ore 08,45.4862606,12.2414185,https://lh3.googleusercontent.com/gps-cs-s/AG0ilSzfAJaHiNiCpzUdfokVMd-bOiZj7PiJZ8s_9Ebww9SEFFFogSgBLBi0GZ9G7nuODWjinLskTnY7JrXsCBloFp3iY1Qxm973bBEw999rUhBGVtCCoHhg30ffkdfAi3tEB8R-1TmM=w80-h106-k-no,
ChIJ120ljZGzfkcRPLKq1ilJoqo,Parco via monte rosa,Parco,4.0,1.0,"Via Monte Celo, 22, 30173 Venezia VE, Italia",,45.5058309,12.289997399999999,https://lh3.googleusercontent.com/gps-cs-s/AG0ilSxcfi65ACVyxZtaT-VqEn1OnvXbDgi-uUi2cfUv8QS1nadKlvUBSk6hp2RrkNmGlHLH3jzjNWDoorKXt05jA_k_YygR06jpdkMKgXyXh7x8VjqnvjDpgDW7BMqhJbJmhmaaI3H-IA=w80-h106-k-no,
ChIJky4ZbgC1fkcRMyZ-TvrWTu4,Parco pubblico altobello,Parco,1.0,1.0,"30100 Venezia VE, Italia",Aperto 24 ore su 24,45.4872369,12.2477928,https://streetviewpixels-pa.googleapis.com/v1/thumbnail?panoid=4Omyix97jO6nz6xFqJLQZA&cb_client=search.gws-prod.gps&w=80&h=92&yaw=266.8091&pitch=0&thumbfov=100,
ChIJNXEW_KqzfkcRVV5aRwgX9ss,Parco i more mor,Parco,,,"Via Gobbi, 30173 Venezia VE, Italia",Aperto 24 ore su 24,45.496919,12.2863841,https://streetviewpixels-pa.googleapis.com/v1/thumbnail?panoid=cbjRhSi-U89cb8dPUYT0dg&cb_client=search.gws-prod.gps&w=80&h=92&yaw=114.82045&pitch=0&thumbfov=100,
ChIJ575zUgC3fkcRthC38gn3Lu0,Parco delle Scimmie,Parco,5.0,1.0,"30175 Venezia VE, Italia",,45.4727694,12.2233334,https://streetviewpixels-pa.googleapis.com/v1/thumbnail?panoid=sOMfUeFB6xGeYbu-LkrcYA&cb_client=search.gws-prod.gps&w=80&h=92&yaw=33.287113&pitch=0&thumbfov=100,
ChIJcQrMOgCvfkcRrI27J7hu5XM,Parco giochi,Parco,,,"Via del Forte Vecchio, 30013 Cavallino-Treporti VE, Italia",,45.4523088,12.4375108,,
ChIJxeFJqYu1fkcRFQHlIgxntFw,Parco S. Antonio,Parco comunale,3.6,30.0,"Marghera, 30100 Venezia VE, Italia",Aperto 24 ore su 24,45.476813899999996,12.2252437,https://lh3.googleusercontent.com/gps-cs-s/AG0ilSyX-J-Ft6NpMmjiczDm8t0zJtnzi4OajsCW8kJWI6pHnpl2jlQrGolLv1Qwmih4zsRSPsXQvpQu1k8vEpL3D_ydVprQZ2wNF-jcRn8gXG-sTtWsYepUO7OpDuoNje-3Oc7bu44S=w122-h92-k-no,
ChIJiUM2EH61fkcRMRtapmkX6cc,Parco Vecchio,Parco,4.4,17.0,"Via Sant'Erasmo, 11, 30175 Venezia VE, Italia",Aperto 24 ore su 24,45.4798873,12.2122307,https://lh3.googleusercontent.com/gps-cs-s/AG0ilSx3V-usgCaW14LPWmYQVX3I04Aq0mrYo3XmDaNgBXgjzmOFr-iAi8-f1ZKQCSzxs5ZeT6HQ_qsqlm0NwmYJzX2W2dJAq4z6f6IGs-OdstpkzwJ03wSQq_1TQ8zbOBboS-32G16T_w=w80-h106-k-no,
ChIJcY7ZPNi3fkcRpuXN2L7wdA8,Parco Naturallegra,Parco,3.7,131.0,"Via Sandro Pertini, 30034 Mira VE, Italia",Aperto 24 ore su 24,45.434488599999995,12.147356199999999,https://lh3.googleusercontent.com/gps-cs-s/AG0ilSxEkMCJg55lXmrz5KevjjmLWPNYF4Y-P6MgufYUL1PwTR6KltaWYxRY-G9fFUqOVSakkBAVDDoTvX-GNQ_6icYyNS6RHvRTHCsvokrzgBFfmRVgUICPTZoh7BPcgxnhnJKxvXvNcQ=w163-h92-k-no,
ChIJ5_cckIRLeUcRgotxzsHbbTI,Parco del Sole - ingresso,Parco,4.4,84.0,"Via Sabbioni, 2, 31021 Mogliano Veneto TV, Italia",Ora aperto,45.566978399999996,12.2307379,https://lh3.googleusercontent.com/gps-cs-s/AG0ilSyEnufA9bZWXTnViRH1joOZzVwEA6PwQwqxjjF7wO6SoJFMPLl00PQLBCBwoLNe2ieLoCm0z8wibNbS7jP5-VSO-CX13BGTcwhSqvL2G9zvBUQrZHKmpM5OgTdXM5mjVleNTq9xEQ=w80-h106-k-no,
ChIJP9PIyjO1fkcRMHuGub8yVAM,Parco,Parco,2.0,1.0,"30174 Venezia VE, Italia",,45.489284399999995,12.2146303,https://lh3.googleusercontent.com/gps-cs-s/AG0ilSy53B2jUu2Bv1VB4vq4vtodkWRJhI_xv9QGMkOBem6cju_ujHRMjrKf2EHFFGq5MqOsrjrVMBt0BT1vu_H2pC4ZwPmi73MIzCmoEalTxtsskQxzchzHdtkSnqXLIqzQ4_tPoJYX=w122-h92-k-no,
ChIJu146egC1fkcRyRLldnVJK_c,Parco Giulia Cecchettin,Parco,4.6,18.0,"Via Oriago, 19, 30174 Chirignago-Zelarino VE, Italia",,45.4821817,12.1837178,https://lh3.googleusercontent.com/gps-cs-s/AG0ilSztof1yHfVeO61oy1PubcFUnCij-niW5ggzucoIji9xxCPJZzHCgPU6UNzKIUUX7klb1d3OxtWp1NmbZLZGyspiML0s0OxHSjFxwlQrxOKGug01IutrkzlbIZhl1w50PafSdJuc=w80-h106-k-no,
ChIJW8D99YCpfkcRQ5FDsaxNkJo,Parco Naturalistico di Cavallino Treporti - Pineta di Ca' Savio,Riserva naturale,3.0,2.0,"Via di Ca' Savio, 30013 Ca' Savio VE, Italia",,45.4458187,12.460084499999999,https://lh3.googleusercontent.com/gps-cs-s/AG0ilSwI2C49w1BsSD-kMiahtb1Y2wrHsxn4aC3x0JlbsqZi6vRJHg2KAuJO47lhXHetyXDfd3yBFqKx__7iIoHgJA5l0pWtuW1pOfR7zbxMaA3z3olLDKrPqqMp1UqfAM1YHZluFsArNA=w122-h92-k-no,
